weighted_hhwrks0_,weighted_hhwrks1_,weighted_hhwrks2_,weighted_hhwrks3p_,weighted_ownkidsyes_,weighted_rentkidsyes_,weighted_ownkidsno_,weighted_rentkidsno_,taz,county_fips,TAZ1454
79.04512066088223,103.54910806575573,30.234758652787455,6.71883525617499,2.568966421478673,27.072953826352165,22.725472190003643,167.18043019776593,1,06075,1
552.0,1077.0,691.0,56.0,130.0,92.0,297.0,1857.0,10,06075,10
258.0,694.0,504.0,101.0,19.0,247.0,220.0,1071.0,100,06075,100
441.0,534.0,761.0,67.0,362.0,192.0,614.0,635.0,1000,06001,1000
344.0,713.0,450.0,148.0,184.0,127.0,600.0,744.0,1001,06001,1001
253.0,295.0,268.0,87.0,63.0,114.0,275.0,451.0,1002,06001,1002
150.0,280.0,229.0,43.0,75.0,37.0,127.0,463.0,1003,06001,1003
445.0,528.0,447.0,26.0,234.0,82.0,789.0,341.0,1004,06001,1004
398.0,526.0,312.0,80.0,314.0,7.0,893.0,102.0,1005,06001,1005
323.0,386.0,367.0,67.0,226.0,21.0,278.0,618.0,1006,06001,1006
450.0,281.0,127.0,107.0,14.0,15.0,113.0,823.0,1007,06001,1007
502.0,864.0,52.0,86.0,0.0,0.0,14.0,1490.0,1008,06001,1008
776.0,688.0,695.0,141.0,72.0,141.0,594.0,1493.0,1009,06001,1009
441.0,374.0,554.0,150.0,79.0,237.0,179.0,1024.0,101,06075,101
258.0,462.0,337.0,88.0,137.0,52.0,398.0,558.0,1010,06001,1010
386.0,683.0,453.0,85.0,140.0,188.0,363.0,916.0,1011,06001,1011
488.0,513.0,838.0,302.0,339.0,163.0,535.0,1104.0,1012,06001,1012
394.0,461.0,447.0,111.0,259.0,123.0,543.0,488.0,1013,06001,1013
178.0,552.0,436.0,67.0,46.0,81.0,173.0,933.0,1014,06001,1014
317.0,472.0,369.0,20.0,136.0,129.0,269.0,644.0,1015,06001,1015
740.0,906.0,345.0,57.0,179.0,289.0,557.0,1023.0,1016,06001,1016
430.0,914.0,482.0,168.0,168.0,181.0,601.0,1044.0,1017,06001,1017
385.0,756.0,165.0,29.0,0.0,105.0,0.0,1230.0,1018,06001,1018
23.0,4.0,8.0,5.0,0.0,5.0,16.0,19.0,1019,06001,1019
214.0,512.0,547.0,124.0,104.0,100.0,397.0,796.0,102,06075,102
421.0,800.0,408.0,75.0,26.0,67.0,286.0,1325.0,1020,06001,1020
490.0,826.0,462.0,137.0,0.0,99.0,350.0,1466.0,1021,06001,1021
545.0,695.0,381.0,76.0,166.0,105.0,416.0,1010.0,1022,06001,1022
317.0,673.0,406.0,51.0,315.0,66.0,360.0,706.0,1023,06001,1023
283.0,584.0,512.0,37.0,260.0,126.0,470.0,560.0,1024,06001,1024
330.0,568.0,670.0,130.0,502.0,78.0,558.0,560.0,1025,06001,1025
199.0,367.0,262.0,60.0,120.0,62.0,452.0,254.0,1026,06001,1026
500.0,667.0,415.0,61.0,150.0,105.0,390.0,998.0,1027,06001,1027
464.0,554.0,454.0,85.0,258.0,72.0,959.0,268.0,1028,06001,1028
390.0,567.0,580.0,52.0,369.0,50.0,933.0,237.0,1029,06001,1029
286.0,518.0,381.0,214.0,97.0,60.0,449.0,793.0,103,06075,103
259.0,297.0,279.0,37.0,165.0,33.0,612.0,62.0,1030,06001,1030
394.0,431.0,496.0,57.0,335.0,37.0,977.0,29.0,1031,06001,1031
192.0,147.0,266.0,47.0,136.0,4.0,439.0,73.0,1032,06001,1032
622.0,630.0,511.0,78.0,347.0,47.0,1158.0,289.0,1033,06001,1033
278.0,518.0,497.0,40.0,433.0,110.0,667.0,123.0,1034,06001,1034
328.0,238.0,416.0,46.0,272.0,87.0,568.0,101.0,1035,06001,1035
221.0,402.0,513.0,126.0,249.0,213.0,358.0,442.0,1036,06001,1036
184.0,372.0,304.0,70.0,191.0,200.0,284.0,255.0,1037,06001,1037
88.0,247.0,267.0,0.0,0.0,123.0,0.0,479.0,1038,06001,1038
180.0,420.0,335.0,26.0,262.0,141.0,165.0,393.0,1039,06001,1039
379.0,1238.0,516.0,56.0,62.0,89.0,740.0,1298.0,104,06075,104
82.0,310.0,284.0,37.0,18.0,162.0,47.0,486.0,1040,06013,1040
206.0,539.0,256.0,95.0,63.0,178.0,252.0,603.0,1041,06013,1041
203.0,275.0,285.0,32.0,178.0,18.0,504.0,95.0,1042,06013,1042
366.0,368.0,330.0,34.0,308.0,42.0,622.0,126.0,1043,06013,1043
284.0,201.0,419.0,84.0,205.0,34.0,647.0,102.0,1044,06013,1044
456.0,390.0,332.0,65.0,185.0,29.0,828.0,201.0,1045,06013,1045
267.0,317.0,332.0,28.0,197.0,36.0,646.0,65.0,1046,06013,1046
273.0,453.0,394.0,114.0,127.0,252.0,490.0,365.0,1047,06013,1047
162.0,400.0,505.0,47.0,149.0,256.0,364.0,345.0,1048,06013,1048
361.0,761.0,962.0,131.0,224.0,471.0,765.0,755.0,1049,06013,1049
470.0,815.0,730.0,158.0,62.0,136.0,420.0,1555.0,105,06075,105
712.0,1237.0,711.0,375.0,370.0,910.0,742.0,1013.0,1050,06013,1050
494.0,340.0,510.0,140.0,98.0,238.0,261.0,887.0,1051,06013,1051
207.0,148.0,173.0,20.0,150.0,55.0,282.0,61.0,1052,06013,1052
333.0,672.0,600.0,122.0,439.0,123.0,1022.0,143.0,1053,06013,1053
250.0,333.0,482.0,94.0,265.0,101.0,676.0,117.0,1054,06013,1054
340.0,907.0,527.0,381.0,331.0,305.0,939.0,580.0,1055,06013,1055
490.0,663.0,556.0,128.0,254.0,288.0,753.0,542.0,1056,06013,1056
325.0,374.0,346.0,390.0,310.0,529.0,268.0,328.0,1057,06013,1057
722.0,772.0,525.0,248.0,290.0,572.0,693.0,712.0,1058,06013,1058
377.0,927.0,521.0,8.0,43.0,120.0,1120.0,550.0,1059,06013,1059
310.0,632.0,774.0,201.0,132.0,85.0,353.0,1347.0,106,06075,106
320.0,820.0,574.0,306.0,427.0,743.0,344.0,506.0,1060,06013,1060
1002.0,831.0,536.0,214.0,546.0,615.0,496.0,926.0,1061,06013,1061
540.0,781.0,537.0,100.0,191.0,108.0,978.0,681.0,1062,06013,1062
417.0,558.0,580.0,295.0,218.0,592.0,426.0,614.0,1063,06013,1063
177.0,454.0,557.0,175.0,220.0,529.0,448.0,166.0,1064,06013,1064
199.0,946.0,1009.0,388.0,417.0,376.0,1179.0,570.0,1065,06013,1065
668.0,1139.0,667.0,147.0,204.0,757.0,677.0,983.0,1066,06013,1066
229.0,604.0,448.0,189.0,328.0,434.0,384.0,324.0,1067,06013,1067
194.0,364.0,519.0,300.0,448.0,350.0,363.0,216.0,1068,06013,1068
277.0,705.0,617.0,120.0,297.0,216.0,845.0,361.0,1069,06013,1069
89.0,592.0,437.0,56.0,41.0,192.0,246.0,695.0,107,06075,107
203.0,457.0,430.0,207.0,229.0,308.0,547.0,213.0,1070,06013,1070
374.0,538.0,582.0,329.0,387.0,488.0,559.0,389.0,1071,06013,1071
314.0,734.0,446.0,279.0,373.0,270.0,690.0,440.0,1072,06013,1072
420.0,935.0,373.0,290.0,307.0,448.0,655.0,608.0,1073,06013,1073
698.0,1070.0,638.0,322.0,673.0,228.0,1369.0,458.0,1074,06013,1074
173.0,467.0,305.0,87.0,79.0,279.0,423.0,251.0,1075,06013,1075
233.0,390.0,443.0,108.0,192.0,45.0,807.0,130.0,1076,06013,1076
327.0,695.0,619.0,154.0,236.0,299.0,933.0,327.0,1077,06013,1077
398.0,502.0,575.0,365.0,317.0,249.0,698.0,576.0,1078,06013,1078
444.0,498.0,289.0,364.0,396.0,39.0,1064.0,96.0,1079,06013,1079
268.0,660.0,363.0,58.0,13.0,135.0,300.0,901.0,108,06075,108
580.0,549.0,610.0,156.0,573.0,249.0,809.0,264.0,1080,06013,1080
266.0,388.0,292.0,459.0,204.0,315.0,852.0,34.0,1081,06013,1081
360.0,762.0,479.0,251.0,271.0,236.0,936.0,409.0,1082,06013,1082
375.0,712.0,769.0,150.0,381.0,105.0,1092.0,428.0,1083,06013,1083
701.0,708.0,738.0,244.0,497.0,98.0,1554.0,242.0,1084,06013,1084
437.0,341.0,387.0,343.0,374.0,70.0,909.0,155.0,1085,06013,1085
464.0,769.0,822.0,296.0,648.0,94.0,1249.0,360.0,1086,06013,1086
585.0,657.0,574.0,345.0,454.0,64.0,1478.0,165.0,1087,06013,1087
236.0,427.0,356.0,131.0,330.0,87.0,505.0,228.0,1088,06013,1088
443.0,923.0,669.0,97.0,268.0,372.0,739.0,753.0,1089,06013,1089
81.88544085781575,403.15372293303636,604.8956760141873,13.867695629146215,92.1211209650427,114.24339732582358,285.2783100852936,612.1597070580258,109,06075,109
510.0,584.0,395.0,102.0,129.0,158.0,722.0,582.0,1090,06013,1090
385.0,703.0,272.0,95.0,185.0,134.0,598.0,538.0,1091,06013,1091
247.0,241.0,94.0,0.0,19.0,70.0,108.0,385.0,1092,06013,1092
188.0,464.0,281.0,58.0,125.0,148.0,302.0,416.0,1093,06013,1093
441.0,448.0,574.0,116.0,269.0,117.0,892.0,301.0,1094,06013,1094
171.0,357.0,386.0,145.0,300.0,28.0,608.0,123.0,1095,06013,1095
592.0,832.0,1081.0,146.0,506.0,369.0,1378.0,398.0,1096,06013,1096
290.0,319.0,398.0,168.0,220.0,203.0,606.0,146.0,1097,06013,1097
61.0,376.0,348.0,166.0,288.0,232.0,261.0,170.0,1098,06013,1098
325.0,647.0,325.0,237.0,209.0,196.0,907.0,222.0,1099,06013,1099
392.0,657.0,351.0,134.0,59.0,169.0,77.0,1229.0,11,06075,11
166.11455914218425,817.8462770669636,1227.1043239858127,28.13230437085378,186.87887903495727,231.7566026741764,578.7216899147064,1241.8402929419742,110,06075,110
503.0,527.0,607.0,35.0,416.0,99.0,934.0,223.0,1100,06013,1100
247.95302367738742,203.46145289656587,275.9477198990279,82.48437279590509,236.45520201492792,26.99488564229621,499.90528967215204,46.49119193951014,1101,06013,1101
248.0469763226126,203.53854710343415,276.0522801009721,82.51562720409493,236.5447979850721,27.005114357703793,500.094710327848,46.50880806048987,1102,06013,1102
310.0,459.0,581.0,226.0,402.0,77.0,1083.0,14.0,1103,06013,1103
163.99479076984892,307.12633892696556,265.88504539016924,55.31185250817389,171.2726660998718,148.46865673246677,395.9164179532447,76.66028680957434,1104,06013,1104
174.00520923015105,325.8736610730343,282.1149546098307,58.68814749182609,181.72733390012817,157.5313432675332,420.08358204675517,81.33971319042564,1105,06013,1105
706.0,644.0,376.0,46.0,69.0,220.0,953.0,530.0,1106,06013,1106
303.0,493.0,475.0,150.0,204.0,134.0,711.0,372.0,1107,06013,1107
502.0,758.0,639.0,195.0,541.0,152.0,1080.0,321.0,1108,06013,1108
529.0,835.0,1219.0,233.0,771.0,285.0,1464.0,296.0,1109,06013,1109
80.0,905.0,1152.0,48.0,153.0,107.0,271.0,1654.0,111,06075,111
785.0,1026.0,860.0,204.0,409.0,253.0,1266.0,947.0,1110,06013,1110
434.0,622.0,689.0,288.0,427.0,160.0,1200.0,246.0,1111,06013,1111
466.0,496.0,896.0,204.0,461.0,79.0,938.0,584.0,1112,06013,1112
612.0,451.0,340.0,50.0,10.0,147.0,111.0,1185.0,1113,06013,1113
249.0,762.0,515.0,124.0,89.0,668.0,263.0,630.0,1114,06013,1114
263.0,638.0,579.0,129.0,42.0,568.0,186.0,813.0,1115,06013,1115
202.0,388.0,413.0,191.0,315.0,97.0,628.0,154.0,1116,06013,1116
374.0,258.0,340.0,205.0,248.0,69.0,634.0,226.0,1117,06013,1117
488.0,734.0,536.0,213.0,279.0,221.0,1150.0,321.0,1118,06013,1118
314.0,405.0,377.0,194.0,260.0,37.0,816.0,177.0,1119,06013,1119
148.0,393.0,369.0,91.0,113.0,30.0,269.0,589.0,112,06075,112
334.0,560.0,404.0,78.0,189.0,161.0,711.0,315.0,1120,06013,1120
398.0,1288.0,486.0,232.0,267.0,283.0,532.0,1322.0,1121,06013,1121
416.0,293.0,276.0,239.0,242.0,44.0,725.0,213.0,1122,06013,1122
540.0,877.0,786.0,169.0,335.0,519.0,631.0,887.0,1123,06013,1123
577.0,960.0,793.0,262.0,740.0,193.0,1256.0,403.0,1124,06013,1124
558.0,514.0,607.0,110.0,446.0,66.0,1025.0,252.0,1125,06013,1125
700.0,886.0,848.0,125.0,412.0,79.0,1940.0,128.0,1126,06013,1126
520.0,889.0,713.0,309.0,644.0,196.0,1242.0,349.0,1127,06013,1127
265.0,561.0,757.0,49.0,371.0,262.0,818.0,181.0,1128,06013,1128
662.0,664.0,662.0,238.0,485.0,178.0,1137.0,426.0,1129,06013,1129
230.0,449.0,447.0,63.0,132.0,97.0,368.0,592.0,113,06075,113
446.0,496.0,334.0,66.0,303.0,43.0,895.0,101.0,1130,06013,1130
484.0,631.0,875.0,329.0,889.0,132.0,1228.0,70.0,1131,06013,1131
397.0,504.0,564.0,84.0,671.0,90.0,748.0,40.0,1132,06013,1132
556.0,428.0,504.0,163.0,326.0,126.0,926.0,273.0,1133,06013,1133
364.0,871.0,751.0,187.0,455.0,312.0,814.0,592.0,1134,06013,1134
740.0,1164.0,941.0,129.0,287.0,402.0,1331.0,954.0,1135,06013,1135
349.0,1089.0,1191.0,108.0,231.0,344.0,838.0,1324.0,1136,06013,1136
389.0,622.0,388.0,157.0,374.0,93.0,942.0,147.0,1137,06013,1137
777.0,721.0,699.0,151.0,604.0,234.0,1271.0,239.0,1138,06013,1138
376.0,369.0,405.0,41.0,439.0,45.0,686.0,21.0,1139,06013,1139
229.0,730.0,787.0,76.0,294.0,91.0,637.0,800.0,114,06075,114
311.0,315.0,367.0,79.0,339.0,0.0,705.0,28.0,1140,06013,1140
478.0,645.0,812.0,46.0,396.0,139.0,1301.0,145.0,1141,06013,1141
375.0,471.0,438.0,101.0,305.0,75.0,804.0,201.0,1142,06013,1142
375.0,675.0,608.0,99.0,363.0,147.0,826.0,421.0,1143,06013,1143
544.0,821.0,632.0,259.0,451.0,215.0,1085.0,505.0,1144,06013,1144
515.0,1424.0,592.0,111.0,12.0,281.0,355.0,1994.0,1145,06013,1145
159.0,1283.0,389.0,109.0,34.0,228.0,302.0,1376.0,1146,06013,1146
478.31751050682976,401.8671828548443,506.9863833763243,75.4444022881435,362.6360936650097,115.17845415989906,677.9936952294495,306.80723597178354,1147,06013,1147
1030.0,181.0,46.0,0.0,12.0,0.0,1174.0,71.0,1148,06013,1148
404.0,1105.0,526.0,51.0,428.0,158.0,955.0,545.0,1149,06013,1149
101.0,337.0,254.0,59.0,66.0,99.0,263.0,323.0,115,06075,115
698.0,767.0,574.0,99.0,491.0,196.0,822.0,629.0,1150,06013,1150
423.0,531.0,1007.0,9.0,739.0,86.0,1113.0,32.0,1151,06013,1151
355.0,926.0,890.0,60.0,468.0,297.0,949.0,517.0,1152,06013,1152
344.0,538.0,624.0,23.0,603.0,40.0,867.0,19.0,1153,06013,1153
1023.0,863.0,850.0,114.0,825.0,0.0,1694.0,331.0,1154,06013,1154
199.0,355.0,267.0,21.0,304.0,40.0,412.0,86.0,1155,06013,1155
341.0,351.0,698.0,157.0,702.0,52.0,751.0,42.0,1156,06013,1156
390.0,314.0,321.0,55.0,253.0,50.0,720.0,57.0,1157,06013,1157
501.0,915.0,738.0,172.0,646.0,119.0,1156.0,405.0,1158,06013,1158
271.0,291.0,275.0,55.0,270.0,83.0,521.0,18.0,1159,06013,1159
373.0,828.0,507.0,187.0,180.0,219.0,699.0,797.0,116,06075,116
392.0,532.0,675.0,93.0,684.0,48.0,856.0,104.0,1160,06013,1160
693.0,924.0,976.0,272.0,738.0,292.0,1432.0,403.0,1161,06013,1161
472.68248949317024,397.1328171451557,501.0136166236757,74.5555977118565,358.3639063349903,113.82154584010094,670.0063047705505,303.19276402821646,1162,06013,1162
424.0,441.0,345.0,95.0,396.0,34.0,831.0,44.0,1163,06013,1163
371.0,690.0,614.0,182.0,450.0,50.0,1302.0,55.0,1164,06013,1164
629.0,316.0,492.0,91.0,409.0,45.0,1003.0,71.0,1165,06013,1165
547.0,920.0,1100.0,120.0,1007.0,128.0,1376.0,176.0,1166,06013,1166
637.0,970.0,767.0,78.0,752.0,131.0,1389.0,180.0,1167,06013,1167
436.0,679.0,403.0,88.0,314.0,83.0,769.0,440.0,1168,06013,1168
405.0,795.0,756.0,167.0,628.0,219.0,1091.0,185.0,1169,06013,1169
185.0,514.0,496.0,227.0,163.0,208.0,444.0,607.0,117,06075,117
201.0,1111.0,835.0,134.0,531.0,272.0,696.0,782.0,1170,06013,1170
471.0,513.0,1054.0,108.0,773.0,197.0,998.0,178.0,1171,06013,1171
356.0,736.0,871.0,195.0,609.0,245.0,1078.0,226.0,1172,06013,1172
158.0,530.0,502.0,173.0,514.0,134.0,653.0,62.0,1173,06013,1173
572.0,571.0,655.0,221.0,658.0,46.0,942.0,373.0,1174,06013,1174
488.0,1182.0,895.0,165.0,935.0,546.0,800.0,449.0,1175,06013,1175
699.0,753.0,705.0,29.0,444.0,172.0,1513.0,57.0,1176,06013,1176
167.0,201.0,131.0,79.0,139.0,31.0,220.0,188.0,1177,06013,1177
299.0,641.0,454.0,159.0,482.0,82.0,939.0,50.0,1178,06013,1178
429.0,724.0,779.0,509.0,1242.0,349.0,613.0,237.0,1179,06013,1179
235.0,442.0,562.0,169.0,137.0,343.0,181.0,747.0,118,06075,118
251.0,418.0,741.0,215.0,741.0,62.0,795.0,27.0,1180,06013,1180
658.0,699.0,507.0,122.0,394.0,145.0,1008.0,439.0,1181,06013,1181
222.0,349.0,403.0,376.0,357.0,149.0,619.0,225.0,1182,06013,1182
274.0,706.0,268.0,164.0,204.0,305.0,639.0,264.0,1183,06013,1183
285.0,680.0,477.0,156.0,452.0,118.0,934.0,94.0,1184,06013,1184
281.0,836.0,845.0,265.0,727.0,131.0,986.0,383.0,1185,06013,1185
627.0,434.0,626.0,362.0,582.0,253.0,916.0,298.0,1186,06013,1186
758.0,1492.0,384.0,369.0,1095.0,116.0,1364.0,428.0,1187,06013,1187
721.0,461.0,341.0,282.0,338.0,337.0,655.0,475.0,1188,06013,1188
500.0,1083.0,602.0,200.0,116.0,965.0,506.0,798.0,1189,06013,1189
108.0,244.0,259.0,116.0,76.0,82.0,252.0,317.0,119,06075,119
366.0,675.0,352.0,137.0,71.0,601.0,203.0,655.0,1190,06013,1190
448.0,582.0,581.0,294.0,279.0,430.0,483.0,713.0,1191,06013,1191
377.0,425.0,560.0,167.0,289.0,168.0,910.0,162.0,1192,06013,1192
505.0,1165.0,909.0,250.0,256.0,591.0,1037.0,945.0,1193,06013,1193
562.0,313.0,517.0,219.0,296.0,156.0,788.0,371.0,1194,06013,1194
452.0,510.0,584.0,302.0,465.0,158.0,1151.0,74.0,1195,06013,1195
351.0,701.0,577.0,487.0,521.0,161.0,880.0,554.0,1196,06013,1196
209.0,529.0,325.0,106.0,264.0,317.0,364.0,224.0,1197,06013,1197
329.0,813.0,301.0,174.0,146.0,380.0,592.0,499.0,1198,06013,1198
430.0,711.0,835.0,42.0,154.0,580.0,701.0,583.0,1199,06013,1199
124.80268963609689,221.87144824195002,101.19136997521369,0.0,41.97567939712568,9.369571294001268,260.8488648249953,135.67139233713837,12,06075,12
140.0,343.0,422.0,153.0,141.0,50.0,324.0,543.0,120,06075,120
271.0,988.0,479.0,185.0,333.0,430.0,677.0,483.0,1200,06013,1200
67.0,185.0,159.0,146.0,222.0,17.0,277.0,41.0,1201,06013,1201
353.0,552.0,507.0,276.0,253.0,541.0,614.0,280.0,1202,06013,1202
321.0,404.0,635.0,177.0,279.0,419.0,524.0,315.0,1203,06013,1203
298.0,211.0,159.0,120.0,80.0,201.0,231.0,276.0,1204,06013,1204
470.0,458.0,434.0,49.0,323.0,103.0,537.0,448.0,1205,06013,1205
580.0,640.0,522.0,304.0,350.0,334.0,960.0,402.0,1206,06013,1206
193.0,818.0,458.0,372.0,451.0,233.0,968.0,189.0,1207,06013,1207
261.0,501.0,306.0,224.0,118.0,298.0,569.0,307.0,1208,06013,1208
219.0,558.0,536.0,238.0,223.0,504.0,373.0,451.0,1209,06013,1209
234.0,460.0,504.0,108.0,259.0,140.0,525.0,382.0,121,06075,121
254.0,694.0,669.0,183.0,724.0,277.0,629.0,170.0,1210,06013,1210
496.0,650.0,508.0,26.0,321.0,90.0,928.0,341.0,1211,06095,1211
753.0,1056.0,299.0,119.0,156.0,207.0,1306.0,558.0,1212,06095,1212
290.0,506.0,359.0,31.0,200.0,67.0,660.0,259.0,1213,06095,1213
438.0,518.0,292.0,143.0,230.0,145.0,677.0,339.0,1214,06095,1214
525.0,700.0,392.0,126.0,331.0,289.0,625.0,498.0,1215,06095,1215
299.0,508.0,338.0,97.0,248.0,44.0,812.0,138.0,1216,06095,1216
279.0,512.0,760.0,220.0,652.0,186.0,897.0,36.0,1217,06095,1217
495.0,768.0,669.0,140.0,290.0,428.0,721.0,633.0,1218,06095,1218
368.0,660.0,219.0,94.0,254.0,42.0,848.0,197.0,1219,06095,1219
649.0,676.0,978.0,160.0,456.0,153.0,1234.0,620.0,122,06075,122
323.0,444.0,539.0,170.0,225.0,80.0,969.0,202.0,1220,06095,1220
217.0,542.0,389.0,256.0,378.0,233.0,573.0,220.0,1221,06095,1221
238.91111228798886,392.5324538009337,192.02667689118104,87.78362372168276,78.80575311378338,208.48610633899654,430.43901858984214,193.52298865916427,1222,06095,1222
223.0,672.0,270.0,25.0,185.0,237.0,580.0,188.0,1223,06095,1223
633.0,732.0,192.0,26.0,0.0,307.0,95.0,1181.0,1224,06095,1224
212.0,588.0,258.0,14.0,38.0,303.0,259.0,472.0,1225,06095,1225
371.0,239.0,314.0,153.0,80.0,122.0,551.0,324.0,1226,06095,1226
207.0,627.0,348.0,94.0,310.0,192.0,506.0,268.0,1227,06095,1227
204.0,248.0,355.0,76.0,261.0,93.0,370.0,159.0,1228,06095,1228
397.0,467.0,465.0,185.0,255.0,363.0,547.0,349.0,1229,06095,1229
183.0,605.0,682.0,222.0,164.0,94.0,709.0,725.0,123,06075,123
392.0,547.0,292.0,262.0,225.0,262.0,730.0,276.0,1230,06095,1230
200.0,523.0,407.0,118.0,135.0,195.0,580.0,338.0,1231,06095,1231
290.0,455.0,295.0,125.0,109.0,227.0,324.0,505.0,1232,06095,1232
313.0,464.0,393.0,15.0,204.0,151.0,627.0,203.0,1233,06095,1233
379.0,621.0,194.0,125.0,134.0,321.0,322.0,542.0,1234,06095,1234
348.0,475.0,208.0,65.0,31.0,266.0,307.0,492.0,1235,06095,1235
352.0,696.0,408.0,40.0,160.0,273.0,458.0,605.0,1236,06095,1236
162.0,309.0,287.0,177.0,185.0,176.0,450.0,124.0,1237,06095,1237
240.08888771201111,394.46754619906625,192.97332310881896,88.21637627831723,79.1942468862166,209.51389366100344,432.5609814101578,194.47701134083573,1238,06095,1238
191.0,236.0,419.0,97.0,173.0,70.0,598.0,102.0,1239,06095,1239
200.0,526.0,588.0,43.0,350.0,199.0,404.0,404.0,124,06075,124
293.0,665.0,317.0,222.0,409.0,208.0,739.0,141.0,1240,06095,1240
411.0,563.0,278.0,33.0,140.0,217.0,200.0,728.0,1241,06095,1241
601.0,859.0,731.0,162.0,346.0,311.0,1324.0,372.0,1242,06095,1242
728.0,416.0,547.0,140.0,211.0,348.0,571.0,701.0,1243,06095,1243
305.0,430.0,499.0,309.0,333.0,272.0,725.0,213.0,1244,06095,1244
398.0,603.0,517.0,187.0,262.0,346.0,901.0,196.0,1245,06095,1245
143.0,334.0,444.0,172.0,324.0,21.0,632.0,116.0,1246,06095,1246
311.0,613.0,939.0,423.0,823.0,139.0,1203.0,121.0,1247,06095,1247
382.0,444.0,729.0,153.0,831.0,103.0,710.0,64.0,1248,06095,1248
400.0,698.0,717.0,252.0,416.0,242.0,915.0,494.0,1249,06095,1249
197.0,276.0,446.0,168.0,162.0,54.0,577.0,294.0,125,06075,125
407.0,774.0,503.0,99.0,328.0,426.0,637.0,392.0,1250,06095,1250
796.0,1251.0,440.0,169.0,259.0,657.0,1263.0,477.0,1251,06095,1251
0.0,0.0,0.0,0.0,0.0,0.0,0.0,0.0,1252,06095,1252
165.0,339.0,495.0,245.0,292.0,244.0,502.0,206.0,1253,06095,1253
252.0,631.0,677.0,274.0,394.0,256.0,995.0,189.0,1254,06095,1254
353.0,619.0,582.0,194.0,284.0,446.0,462.0,556.0,1255,06095,1255
434.0,535.0,462.0,207.0,193.0,189.0,849.0,407.0,1256,06095,1256
380.0,223.0,311.0,100.0,197.0,41.0,504.0,272.0,1257,06095,1257
216.0,573.0,492.0,106.0,188.0,312.0,532.0,355.0,1258,06095,1258
604.0,619.0,412.0,269.0,203.0,509.0,602.0,590.0,1259,06095,1259
261.0,436.0,453.0,230.0,260.0,356.0,450.0,314.0,126,06075,126
318.0,626.0,226.0,50.0,169.0,423.0,268.0,360.0,1260,06095,1260
402.0,295.0,454.0,201.0,258.0,179.0,736.0,179.0,1261,06095,1261
79.0,254.0,116.0,99.0,11.0,180.0,113.0,244.0,1262,06095,1262
255.0,379.0,280.0,70.0,71.0,232.0,199.0,482.0,1263,06095,1263
249.0,989.0,549.0,210.0,297.0,590.0,502.0,608.0,1264,06095,1264
97.0,580.0,272.0,169.0,105.0,386.0,311.0,316.0,1265,06095,1265
345.0,437.0,429.0,173.0,293.0,329.0,428.0,334.0,1266,06095,1266
331.0,306.0,317.0,126.0,209.0,56.0,616.0,199.0,1267,06095,1267
575.0,297.0,330.0,62.0,285.0,27.0,791.0,161.0,1268,06095,1268
1039.0,555.0,268.0,180.0,165.0,181.0,879.0,817.0,1269,06095,1269
317.0,582.0,731.0,147.0,278.0,70.0,823.0,606.0,127,06075,127
455.0,1199.0,1114.0,589.0,1134.0,410.0,1518.0,295.0,1270,06095,1270
133.0,525.0,1038.0,232.0,841.0,140.0,877.0,70.0,1271,06095,1271
0.0,0.0,0.0,0.0,0.0,0.0,0.0,0.0,1272,06095,1272
434.0,650.0,310.0,164.0,262.0,188.0,727.0,381.0,1273,06095,1273
577.0,690.0,553.0,202.0,161.0,369.0,607.0,885.0,1274,06095,1274
345.0,634.0,357.0,62.0,200.0,142.0,393.0,663.0,1275,06095,1275
169.0,539.0,475.0,106.0,286.0,214.0,395.0,394.0,1276,06095,1276
355.0,605.0,595.0,195.0,430.0,238.0,879.0,203.0,1277,06095,1277
369.0,350.0,623.0,335.0,574.0,118.0,905.0,80.0,1278,06095,1278
834.0,1020.0,1076.0,239.0,795.0,220.0,1254.0,900.0,1279,06095,1279
300.0,1145.0,904.0,164.0,319.0,167.0,729.0,1298.0,128,06075,128
1363.0,722.0,330.0,223.0,113.0,103.0,1489.0,933.0,1280,06095,1280
487.0,1112.0,973.0,63.0,329.0,528.0,667.0,1111.0,1281,06095,1281
283.0,407.0,182.0,103.0,198.0,78.0,648.0,51.0,1282,06095,1282
384.0,644.0,394.0,65.0,194.0,321.0,688.0,284.0,1283,06095,1283
716.0,535.0,498.0,174.0,192.0,127.0,1264.0,340.0,1284,06095,1284
498.0,708.0,493.0,214.0,450.0,145.0,1148.0,170.0,1285,06095,1285
535.0,365.0,652.0,145.0,263.0,81.0,1082.0,271.0,1286,06095,1286
373.0,368.0,267.0,32.0,157.0,126.0,490.0,267.0,1287,06095,1287
386.0,527.0,488.0,348.0,561.0,112.0,977.0,99.0,1288,06095,1288
635.0,1178.0,1047.0,326.0,945.0,493.0,909.0,839.0,1289,06095,1289
369.0,993.0,670.0,79.0,345.0,106.0,802.0,858.0,129,06075,129
2249.0,1354.0,73.0,0.0,0.0,137.0,3132.0,407.0,1290,06095,1290
185.0,441.0,385.0,350.0,466.0,239.0,403.0,253.0,1291,06055,1291
142.0,144.0,175.0,157.0,172.0,92.0,275.0,79.0,1292,06055,1292
569.0,852.0,462.0,336.0,365.0,348.0,861.0,645.0,1293,06055,1293
4.0,18.0,0.0,0.0,0.0,0.0,0.0,22.0,1294,06055,1294
397.0,868.0,873.0,165.0,191.0,381.0,770.0,961.0,1295,06055,1295
394.0,656.0,387.0,34.0,161.0,128.0,888.0,294.0,1296,06055,1296
457.0,849.0,842.0,157.0,233.0,535.0,786.0,751.0,1297,06055,1297
106.0,281.0,329.0,24.0,33.0,63.0,266.0,378.0,1298,06055,1298
312.0,438.0,148.0,65.0,38.0,176.0,220.0,529.0,1299,06055,1299
126.13236614196829,224.23531758572142,102.26948606105537,0.0,42.42289792162297,9.469396857505128,263.62800851294276,137.11686649667425,13,06075,13
462.0,695.0,579.0,62.0,336.0,179.0,921.0,362.0,130,06075,130
220.0,306.0,170.0,53.0,82.0,125.0,293.0,249.0,1300,06055,1300
262.0,593.0,490.0,72.0,112.0,283.0,673.0,349.0,1301,06055,1301
306.0,303.0,265.0,30.0,160.0,86.0,426.0,232.0,1302,06055,1302
402.0,363.0,337.0,85.0,244.0,81.0,787.0,75.0,1303,06055,1303
691.0,402.0,304.0,301.0,321.0,202.0,603.0,572.0,1304,06055,1304
239.0,612.0,699.0,160.0,259.0,446.0,632.0,373.0,1305,06055,1305
673.0,675.0,418.0,162.0,254.0,172.0,864.0,638.0,1306,06055,1306
390.0,203.0,448.0,104.0,273.0,64.0,707.0,101.0,1307,06055,1307
278.0,182.0,119.0,91.0,103.0,23.0,411.0,133.0,1308,06055,1308
874.0,553.0,493.0,55.0,209.0,130.0,1488.0,148.0,1309,06055,1309
961.0,709.0,891.0,124.0,612.0,92.0,1654.0,327.0,131,06075,131
671.0,521.0,306.0,9.0,38.0,88.0,945.0,436.0,1310,06055,1310
70.0,82.0,115.0,11.0,18.0,7.0,226.0,27.0,1311,06055,1311
135.0,241.0,125.0,14.0,69.0,60.0,311.0,75.0,1312,06055,1312
291.0,563.0,487.0,67.0,230.0,99.0,728.0,351.0,1313,06055,1313
296.0,228.0,288.0,33.0,73.0,196.0,304.0,272.0,1314,06055,1314
208.0,222.0,226.0,51.0,42.0,131.0,428.0,106.0,1315,06055,1315
112.0,165.0,140.0,42.0,27.0,48.0,297.0,87.0,1316,06055,1316
475.0,1032.0,437.0,151.0,140.0,379.0,1111.0,465.0,1317,06055,1317
148.0,306.0,142.0,9.0,82.0,40.0,345.0,138.0,1318,06097,1318
407.0,547.0,455.0,125.0,181.0,118.0,879.0,356.0,1319,06097,1319
393.0,422.0,504.0,221.0,364.0,112.0,804.0,260.0,132,06075,132
261.0,326.0,112.0,6.0,17.0,29.0,352.0,307.0,1320,06097,1320
689.0,1011.0,446.0,177.0,242.0,154.0,1275.0,652.0,1321,06097,1321
875.0,747.0,250.0,95.0,85.0,40.0,1606.0,236.0,1322,06097,1322
1166.0,799.0,474.0,12.0,332.0,115.0,1427.0,577.0,1323,06097,1323
256.0,298.0,217.0,89.0,114.0,14.0,515.0,217.0,1324,06097,1324
479.0,676.0,589.0,217.0,217.0,220.0,885.0,639.0,1325,06097,1325
456.0,721.0,686.0,95.0,506.0,15.0,1162.0,275.0,1326,06097,1326
559.0,721.0,629.0,96.0,321.0,196.0,754.0,734.0,1327,06097,1327
451.0,608.0,519.0,169.0,315.0,248.0,832.0,352.0,1328,06097,1328
319.0,689.0,284.0,50.0,128.0,234.0,618.0,362.0,1329,06097,1329
497.0,588.0,881.0,421.0,412.0,72.0,1116.0,787.0,133,06075,133
475.0,568.0,305.0,234.0,247.0,152.0,713.0,470.0,1330,06097,1330
482.0,793.0,721.0,90.0,346.0,313.0,895.0,532.0,1331,06097,1331
678.0,684.0,893.0,80.0,289.0,279.0,631.0,1136.0,1332,06097,1332
272.0,667.0,350.0,182.0,177.0,153.0,784.0,357.0,1333,06097,1333
382.0,586.0,415.0,247.0,371.0,117.0,1027.0,115.0,1334,06097,1334
1189.0,1002.0,749.0,214.0,429.0,231.0,1161.0,1333.0,1335,06097,1335
409.0,607.0,680.0,80.0,329.0,121.0,1002.0,324.0,1336,06097,1336
469.0,920.0,365.0,358.0,184.0,273.0,693.0,962.0,1337,06097,1337
240.0,658.0,487.0,109.0,235.0,122.0,544.0,593.0,1338,06097,1338
415.0,1093.0,576.0,167.0,480.0,123.0,935.0,713.0,1339,06097,1339
237.0,540.0,240.0,203.0,252.0,91.0,645.0,232.0,134,06075,134
396.0,727.0,1296.0,243.0,567.0,294.0,809.0,992.0,1340,06097,1340
542.0,866.0,745.0,135.0,436.0,143.0,1134.0,575.0,1341,06097,1341
266.0,457.0,574.0,218.0,233.0,95.0,554.0,633.0,1342,06097,1342
273.0,589.0,359.0,177.0,320.0,197.0,528.0,353.0,1343,06097,1343
634.0,743.0,795.0,263.0,236.0,667.0,263.0,1269.0,1344,06097,1344
446.0,568.0,464.0,198.0,224.0,322.0,697.0,433.0,1345,06097,1345
428.0,379.0,994.0,165.0,289.0,233.0,763.0,681.0,1346,06097,1346
311.0,713.0,490.0,307.0,393.0,226.0,1032.0,170.0,1347,06097,1347
409.0,945.0,876.0,247.0,479.0,642.0,538.0,818.0,1348,06097,1348
353.0,710.0,442.0,227.0,441.0,183.0,614.0,494.0,1349,06097,1349
269.0,576.0,531.0,409.0,248.0,189.0,696.0,652.0,135,06075,135
128.0,183.0,181.0,12.0,48.0,29.0,420.0,7.0,1350,06097,1350
297.0,498.0,497.0,114.0,294.0,109.0,821.0,182.0,1351,06097,1351
451.0,300.0,412.0,89.0,237.0,10.0,966.0,39.0,1352,06097,1352
1180.0,348.0,73.0,0.0,21.0,0.0,1129.0,451.0,1353,06097,1353
163.0,139.0,164.0,20.0,90.0,18.0,330.0,48.0,1354,06097,1354
543.0,575.0,320.0,143.0,297.0,158.0,950.0,176.0,1355,06097,1355
655.0,670.0,468.0,97.0,182.0,255.0,995.0,458.0,1356,06097,1356
287.0,548.0,540.0,157.0,360.0,230.0,402.0,540.0,1357,06097,1357
748.0,514.0,317.0,176.0,107.0,182.0,508.0,958.0,1358,06097,1358
342.0,762.0,834.0,84.0,403.0,222.0,968.0,429.0,1359,06097,1359
256.0,291.0,298.0,193.0,180.0,72.0,605.0,181.0,136,06075,136
386.0,485.0,336.0,81.0,171.0,175.0,351.0,591.0,1360,06097,1360
254.0,553.0,261.0,114.0,45.0,210.0,101.0,826.0,1361,06097,1361
652.0,721.0,340.0,83.0,91.0,176.0,539.0,990.0,1362,06097,1362
158.0,355.0,290.0,116.0,56.0,98.0,297.0,468.0,1363,06097,1363
202.0,857.0,670.0,136.0,192.0,324.0,584.0,765.0,1364,06097,1364
714.0,589.0,396.0,80.0,284.0,57.0,1215.0,223.0,1365,06097,1365
743.0,530.0,287.0,58.0,53.0,148.0,636.0,781.0,1366,06097,1366
700.0,523.0,618.0,92.0,361.0,155.0,1132.0,285.0,1367,06097,1367
254.0,831.0,537.0,65.0,329.0,180.0,758.0,420.0,1368,06097,1368
449.0,549.0,480.0,177.0,188.0,208.0,952.0,307.0,1369,06097,1369
246.0,410.0,672.0,328.0,306.0,179.0,791.0,380.0,137,06075,137
552.0,757.0,519.0,425.0,307.0,182.0,1093.0,671.0,1370,06097,1370
303.0,621.0,705.0,360.0,443.0,252.0,928.0,366.0,1371,06097,1371
348.0,617.0,467.0,207.0,272.0,359.0,557.0,451.0,1372,06097,1372
179.0,489.0,632.0,201.0,222.0,505.0,353.0,421.0,1373,06097,1373
451.0,1030.0,845.0,481.0,165.0,546.0,642.0,1454.0,1374,06097,1374
616.0,1063.0,878.0,286.0,437.0,424.0,1504.0,478.0,1375,06097,1375
366.0,746.0,480.0,540.0,454.0,266.0,886.0,526.0,1376,06097,1376
364.0,845.0,662.0,179.0,348.0,405.0,745.0,552.0,1377,06097,1377
243.0,403.0,420.0,205.0,141.0,385.0,202.0,543.0,1378,06097,1378
220.0,442.0,412.0,342.0,313.0,408.0,389.0,306.0,1379,06097,1379
212.0,523.0,570.0,254.0,208.0,249.0,759.0,343.0,138,06075,138
293.0,368.0,256.0,95.0,240.0,227.0,240.0,305.0,1380,06097,1380
385.0,804.0,547.0,442.0,306.0,421.0,904.0,547.0,1381,06097,1381
656.0,833.0,722.0,179.0,567.0,63.0,1346.0,414.0,1382,06097,1382
490.0,476.0,401.0,161.0,205.0,20.0,879.0,424.0,1383,06097,1383
461.0,336.0,532.0,84.0,354.0,46.0,723.0,290.0,1384,06097,1384
524.0,500.0,343.0,136.0,272.0,57.0,805.0,369.0,1385,06097,1385
579.0,547.0,353.0,86.0,205.0,94.0,923.0,343.0,1386,06097,1386
519.0,625.0,439.0,160.0,376.0,254.0,864.0,249.0,1387,06097,1387
591.0,471.0,188.0,159.0,278.0,60.0,951.0,120.0,1388,06097,1388
193.0,335.0,112.0,70.0,140.0,63.0,460.0,47.0,1389,06097,1389
215.0,336.0,297.0,471.0,257.0,202.0,540.0,320.0,139,06075,139
383.0,284.0,105.0,44.0,54.0,0.0,587.0,175.0,1390,06097,1390
309.0,123.0,147.0,140.0,89.0,18.0,309.0,303.0,1391,06097,1391
377.0,241.0,408.0,59.0,241.0,156.0,532.0,156.0,1392,06097,1392
446.0,443.0,440.0,123.0,182.0,138.0,896.0,236.0,1393,06097,1393
120.0,430.0,434.0,168.0,414.0,159.0,410.0,169.0,1394,06097,1394
355.0,535.0,472.0,239.0,354.0,330.0,738.0,179.0,1395,06097,1395
334.0,474.0,519.0,188.0,365.0,0.0,1049.0,101.0,1396,06097,1396
414.0,453.0,380.0,115.0,137.0,287.0,720.0,218.0,1397,06097,1397
472.0,539.0,473.0,42.0,174.0,163.0,858.0,331.0,1398,06097,1398
371.0,483.0,679.0,134.0,203.0,264.0,506.0,694.0,1399,06097,1399
82.06494422193484,145.8932341723286,66.53914396373095,0.0,27.601422681251357,6.161031848493606,171.523126662062,89.21174116618742,14,06075,14
350.0,243.0,304.0,309.0,270.0,75.0,726.0,135.0,140,06075,140
311.0,265.0,222.0,67.0,99.0,89.0,555.0,122.0,1400,06097,1400
493.0,455.0,423.0,95.0,106.0,104.0,951.0,305.0,1401,06097,1401
543.0,1108.0,756.0,216.0,439.0,237.0,1571.0,376.0,1402,06097,1402
350.0,355.0,170.0,5.0,68.0,58.0,580.0,174.0,1403,06097,1403
372.0,269.0,367.0,60.0,163.0,23.0,828.0,54.0,1404,06041,1404
257.0,423.0,275.0,73.0,315.0,22.0,550.0,141.0,1405,06041,1405
219.0,245.0,210.0,57.0,170.0,3.0,487.0,71.0,1406,06041,1406
354.0,392.0,476.0,31.0,309.0,78.0,517.0,349.0,1407,06041,1407
665.0,821.0,669.0,194.0,379.0,133.0,1101.0,736.0,1408,06041,1408
190.0,322.0,416.0,95.0,271.0,58.0,564.0,130.0,1409,06041,1409
126.04265092436187,128.0044042461418,194.21357885621518,117.21476097635208,90.24065280187776,112.3103776719022,167.72990901218583,195.19445551710515,141,06075,141
554.0,520.0,693.0,210.0,250.0,513.0,704.0,510.0,1410,06041,1410
1133.0,633.0,679.0,149.0,287.0,169.0,1383.0,755.0,1411,06041,1411
404.0,962.0,515.0,117.0,364.0,217.0,1176.0,241.0,1412,06041,1412
440.0,230.0,253.0,60.0,97.0,82.0,707.0,97.0,1413,06041,1413
773.0,898.0,757.0,191.0,725.0,113.0,1524.0,257.0,1414,06041,1414
271.0,542.0,356.0,65.0,151.0,13.0,647.0,423.0,1415,06041,1415
452.0,376.0,154.0,22.0,35.0,33.0,708.0,228.0,1416,06041,1416
50.505173214749114,133.51367572611895,48.50496833495707,9.50097317901221,62.00635127355337,23.002356117608507,99.5101927696542,57.50589029402127,1417,06041,1417
484.0,518.0,385.0,291.0,274.0,78.0,1073.0,253.0,1418,06041,1418
360.0,486.0,364.0,90.0,216.0,102.0,574.0,408.0,1419,06041,1419
69.0,73.0,32.0,6.0,18.0,15.0,6.0,141.0,142,06075,142
626.0,1143.0,885.0,176.0,798.0,380.0,1468.0,184.0,1420,06041,1420
829.0,533.0,404.0,111.0,203.0,210.0,835.0,629.0,1421,06041,1421
660.0,868.0,886.0,129.0,578.0,144.0,1567.0,254.0,1422,06041,1422
758.0,699.0,798.0,166.0,597.0,72.0,1509.0,243.0,1423,06041,1423
454.0,692.0,555.0,391.0,56.0,262.0,773.0,1001.0,1424,06041,1424
769.0,811.0,465.0,230.0,253.0,151.0,1320.0,551.0,1425,06041,1425
784.0,511.0,641.0,123.0,462.0,0.0,1597.0,0.0,1426,06041,1426
682.0,1137.0,468.0,64.0,256.0,127.0,1006.0,962.0,1427,06041,1427
239.0,435.0,514.0,256.0,113.0,543.0,324.0,464.0,1428,06041,1428
380.0,854.0,587.0,116.0,177.0,386.0,775.0,599.0,1429,06041,1429
130.95734907563815,132.9955957538582,201.78642114378485,121.78523902364793,93.75934719812226,116.68962232809781,174.2700909878142,202.80554448289487,143,06075,143
536.0,923.0,595.0,133.0,261.0,179.0,643.0,1104.0,1430,06041,1430
510.0,515.0,875.0,54.0,474.0,49.0,824.0,607.0,1431,06041,1431
505.0,641.0,682.0,61.0,420.0,133.0,664.0,672.0,1432,06041,1432
299.0,468.0,395.0,129.0,327.0,83.0,550.0,331.0,1433,06041,1433
528.0,495.0,1006.0,72.0,393.0,144.0,1052.0,512.0,1434,06041,1434
214.0,348.0,268.0,46.0,277.0,86.0,449.0,64.0,1435,06041,1435
493.0,776.0,601.0,12.0,480.0,85.0,866.0,451.0,1436,06041,1436
280.0,616.0,357.0,156.0,507.0,54.0,763.0,85.0,1437,06041,1437
525.0,1045.0,1029.0,55.0,573.0,212.0,764.0,1105.0,1438,06041,1438
0.0,15.0,0.0,0.0,0.0,15.0,0.0,0.0,1439,06041,1439
373.0,500.0,191.0,64.0,54.0,343.0,349.0,382.0,144,06075,144
705.0,732.0,488.0,158.0,583.0,67.0,957.0,476.0,1440,06041,1440
838.0,779.0,712.0,42.0,566.0,342.0,1044.0,419.0,1441,06041,1441
552.0,956.0,645.0,148.0,734.0,174.0,825.0,568.0,1442,06041,1442
604.0,704.0,423.0,104.0,280.0,176.0,884.0,495.0,1443,06041,1443
485.0,891.0,484.0,85.0,236.0,317.0,558.0,834.0,1444,06041,1444
421.0,797.0,688.0,143.0,558.0,153.0,862.0,476.0,1445,06041,1445
669.0,1080.0,364.0,47.0,469.0,180.0,1122.0,389.0,1446,06041,1446
339.0,290.0,248.0,27.0,214.0,119.0,431.0,140.0,1447,06041,1447
343.0,866.0,219.0,4.0,142.0,22.0,720.0,548.0,1448,06041,1448
236.0,624.0,359.0,58.0,132.0,293.0,286.0,566.0,1449,06041,1449
667.0,620.0,197.0,34.0,10.0,745.0,35.0,728.0,145,06075,145
516.0,1105.0,989.0,106.0,992.0,174.0,1299.0,251.0,1450,06041,1450
533.0,692.0,638.0,102.0,576.0,160.0,967.0,262.0,1451,06041,1451
391.0,843.0,468.0,87.0,383.0,138.0,737.0,531.0,1452,06041,1452
50.494826785250886,133.48632427388105,48.49503166504293,9.49902682098779,61.99364872644663,22.997643882391493,99.4898072303458,57.49410970597873,1453,06041,1453
342.0,204.0,123.0,69.0,33.0,64.0,528.0,113.0,1454,06041,1454
98.0,241.0,214.0,20.0,91.0,108.0,260.0,114.0,146,06075,146
212.0,254.0,425.0,262.0,435.0,142.0,337.0,239.0,147,06075,147
299.0,481.0,202.0,187.0,237.0,324.0,412.0,196.0,148,06075,148
397.0,475.0,524.0,229.0,291.0,161.0,880.0,293.0,149,06075,149
49.0,365.0,302.0,55.0,13.0,72.0,194.0,492.0,15,06075,15
339.0,387.0,329.0,226.0,163.0,283.0,509.0,326.0,150,06075,150
224.0,142.0,176.0,79.0,79.0,65.0,221.0,256.0,151,06075,151
264.0,506.0,487.0,187.0,305.0,81.0,976.0,82.0,152,06075,152
254.0,310.0,392.0,306.0,215.0,120.0,704.0,223.0,153,06075,153
230.0,389.0,386.0,104.0,186.0,64.0,588.0,271.0,154,06075,154
220.0,381.0,280.0,154.0,211.0,168.0,528.0,128.0,155,06075,155
91.0,262.0,148.0,193.0,122.0,130.0,262.0,180.0,156,06075,156
292.0,336.0,165.0,132.0,116.0,234.0,143.0,432.0,157,06075,157
119.0,0.0,4.0,0.0,0.0,0.0,0.0,123.0,158,06075,158
456.0,347.0,467.0,282.0,303.0,144.0,786.0,319.0,159,06075,159
231.0,891.0,730.0,146.0,0.0,41.0,442.0,1515.0,16,06075,16
182.0,465.0,551.0,195.0,299.0,193.0,667.0,234.0,160,06075,160
139.0,239.0,416.0,327.0,187.0,125.0,560.0,249.0,161,06075,161
355.0,312.0,507.0,191.0,289.0,201.0,509.0,366.0,162,06075,162
328.0,339.0,378.0,297.0,334.0,103.0,749.0,156.0,163,06075,163
156.0,273.0,304.0,266.0,192.0,161.0,435.0,211.0,164,06075,164
271.0,629.0,805.0,302.0,503.0,192.0,841.0,471.0,165,06075,165
331.0,673.0,441.0,344.0,245.0,198.0,682.0,664.0,166,06075,166
134.0,281.0,440.0,349.0,475.0,51.0,578.0,100.0,167,06075,167
297.0,579.0,640.0,217.0,228.0,176.0,861.0,468.0,168,06075,168
398.0,887.0,832.0,193.0,706.0,78.0,1514.0,12.0,169,06075,169
145.0,657.0,274.0,41.0,15.0,17.0,403.0,682.0,17,06075,17
504.0,633.0,655.0,206.0,486.0,53.0,959.0,500.0,170,06075,170
119.0,343.0,375.0,66.0,194.0,22.0,572.0,115.0,171,06075,171
934.0,548.0,551.0,160.0,388.0,63.0,1463.0,279.0,172,06075,172
321.0,373.0,430.0,194.0,243.0,56.0,639.0,380.0,173,06075,173
421.0,929.0,1015.0,177.0,454.0,270.0,990.0,828.0,174,06075,174
466.0,921.0,563.0,95.0,111.0,180.0,361.0,1393.0,175,06075,175
467.0,829.0,583.0,92.0,167.0,266.0,362.0,1176.0,176,06075,176
330.0,507.0,408.0,190.0,165.0,188.0,523.0,559.0,177,06075,177
593.0,817.0,616.0,388.0,402.0,174.0,1170.0,668.0,178,06075,178
320.0,296.0,488.0,167.0,424.0,48.0,559.0,240.0,179,06075,179
110.61733595279753,368.2261768879161,254.6191832066646,26.40864326801022,13.951736066118608,73.24661434712269,182.36912143569322,490.30386746645394,18,06075,18
316.0,616.0,535.0,242.0,199.0,302.0,411.0,797.0,180,06075,180
479.0,622.0,506.0,260.0,361.0,86.0,1016.0,404.0,181,06075,181
704.0,859.0,551.0,330.0,704.0,120.0,1241.0,379.0,182,06075,182
686.0,609.0,893.0,363.0,396.0,344.0,1502.0,309.0,183,06075,183
338.0,462.0,553.0,289.0,332.0,90.0,880.0,340.0,184,06075,184
497.0,370.0,355.0,306.0,180.0,71.0,851.0,426.0,185,06075,185
242.0,669.0,466.0,156.0,233.0,131.0,619.0,550.0,186,06075,186
469.0,367.0,473.0,104.0,441.0,51.0,815.0,106.0,187,06075,187
67.0,247.0,121.0,160.0,6.0,32.0,0.0,557.0,188,06075,188
477.0,697.0,284.0,131.0,72.0,283.0,64.0,1170.0,189,06075,189
111.38266404720245,370.77382311208385,256.3808167933354,26.591356731989777,14.04826393388139,73.7533856528773,183.63087856430676,493.69613253354606,19,06075,19
310.0,535.0,155.0,26.0,39.0,158.0,245.0,584.0,190,06075,190
455.0,354.0,448.0,127.0,238.0,98.0,849.0,199.0,191,06081,191
184.0,1034.0,798.0,454.0,145.0,678.0,215.0,1432.0,192,06081,192
286.0,670.0,767.0,378.0,296.0,529.0,686.0,590.0,193,06081,193
487.0,810.0,466.0,408.0,358.0,199.0,970.0,644.0,194,06081,194
271.0,547.0,663.0,414.0,401.0,120.0,1169.0,205.0,195,06081,195
328.0,557.0,1050.0,339.0,582.0,41.0,1359.0,292.0,196,06081,196
332.0,257.0,299.0,568.0,263.0,59.0,1042.0,92.0,197,06081,197
270.0,521.0,672.0,198.0,98.0,390.0,237.0,936.0,198,06081,198
124.0,505.0,411.0,83.0,78.0,72.0,634.0,339.0,199,06081,199
81.79619268796517,107.15301242123438,31.28704370314668,6.95267637847704,2.658376262358868,28.015195995628073,23.51640539778999,172.99894753504634,2,06075,2
285.0,1223.0,472.0,152.0,39.0,110.0,628.0,1355.0,20,06075,20
179.0,311.0,326.0,115.0,182.0,99.0,428.0,222.0,200,06081,200
278.0,655.0,353.0,211.0,118.0,379.0,346.0,654.0,201,06081,201
184.0,232.0,422.0,272.0,232.0,49.0,537.0,292.0,202,06081,202
258.0,571.0,312.0,308.0,140.0,275.0,403.0,631.0,203,06081,203
321.0,326.0,421.0,101.0,90.0,39.0,745.0,295.0,204,06081,204
169.0,414.0,267.0,293.0,176.0,81.0,651.0,235.0,205,06081,205
479.0,257.0,442.0,218.0,276.0,109.0,737.0,274.0,206,06081,206
147.0,356.0,329.0,262.0,269.0,147.0,511.0,167.0,207,06081,207
626.0,600.0,717.0,88.0,453.0,88.0,809.0,681.0,208,06081,208
134.0,424.0,431.0,168.0,368.0,65.0,655.0,69.0,209,06081,209
1227.0,883.0,271.0,0.0,0.0,28.0,614.0,1739.0,21,06075,21
206.0,240.0,284.0,229.0,43.0,312.0,250.0,354.0,210,06081,210
370.0,729.0,420.0,239.0,73.0,504.0,248.0,933.0,211,06081,211
172.0,416.0,425.0,350.0,241.0,178.0,626.0,318.0,212,06081,212
802.0,688.0,974.0,261.0,355.0,346.0,1174.0,850.0,213,06081,213
477.0,531.0,1031.0,147.0,489.0,72.0,1361.0,264.0,214,06081,214
113.44057302382443,374.2126786470557,480.5926350926338,39.53945283817947,168.04267456226276,82.37386007954056,238.6488403447261,518.719964615164,215,06081,215
127.55942697617559,420.78732135294433,540.4073649073663,44.460547161820536,188.95732543773727,92.62613992045945,268.35115965527393,583.2800353848361,216,06081,216
211.0,325.0,601.0,217.0,415.0,60.0,788.0,91.0,217,06081,217
523.0,605.0,652.0,297.0,405.0,166.0,866.0,640.0,218,06081,218
433.0,514.0,536.0,419.0,316.0,103.0,1193.0,290.0,219,06081,219
257.6646212594274,436.4319360091852,131.32906083571592,42.444753502037464,12.98310107121146,101.86740840488991,168.78031392574897,584.2395482045157,22,06075,22
313.0,661.0,683.0,325.0,429.0,216.0,837.0,500.0,220,06081,220
347.0,327.0,608.0,246.0,342.0,176.0,679.0,331.0,221,06081,221
323.0,646.0,489.0,142.0,246.0,163.0,640.0,551.0,222,06081,222
375.0,803.0,590.0,201.0,209.0,142.0,734.0,884.0,223,06081,223
163.0,482.0,372.0,136.0,342.0,18.0,649.0,144.0,224,06081,224
317.0,504.0,439.0,55.0,314.0,35.0,711.0,255.0,225,06081,225
541.0,715.0,909.0,235.0,398.0,200.0,1419.0,383.0,226,06081,226
830.0,513.0,582.0,110.0,487.0,133.0,1134.0,281.0,227,06081,227
150.91726475408413,272.657191655712,356.66780236881885,168.52427897539394,283.72445773767816,64.89442384425618,402.44603934422435,197.70161682785022,228,06081,228
149.08273524591587,269.342808344288,352.33219763118115,166.47572102460606,280.27554226232184,64.10557615574382,397.55396065577565,195.29838317214978,229,06081,229
258.33537874057254,437.5680639908147,131.67093916428408,42.555246497962536,13.016898928788539,102.13259159511007,169.219686074251,585.7604517954843,23,06075,23
459.0,342.0,544.0,160.0,245.0,244.0,813.0,203.0,230,06081,230
268.0,476.0,451.0,274.0,339.0,60.0,980.0,90.0,231,06081,231
500.0,577.0,632.0,212.0,397.0,141.0,1113.0,270.0,232,06081,232
457.0,587.0,735.0,179.0,456.0,215.0,931.0,356.0,233,06081,233
322.0,750.0,495.0,67.0,62.0,195.0,296.0,1081.0,234,06081,234
268.0,300.0,465.0,170.0,293.0,71.0,708.0,131.0,235,06081,235
741.0,546.0,747.0,78.0,558.0,70.0,837.0,647.0,236,06081,236
141.0,554.0,458.0,262.0,61.0,419.0,396.0,539.0,237,06081,237
140.0,224.0,296.0,264.0,253.0,14.0,489.0,168.0,238,06081,238
0.0,0.0,0.0,0.0,0.0,0.0,0.0,0.0,239,06081,239
337.6342323165401,167.82988156085324,107.93764931756836,1.9744691948335675,8.556033177612127,140.1873128331833,37.51491470183778,429.117971677162,24,06075,24
297.0,828.0,612.0,144.0,221.0,269.0,649.0,742.0,240,06081,240
438.0,367.0,394.0,111.0,382.0,39.0,705.0,184.0,241,06081,241
260.0,130.0,343.0,127.0,235.0,43.0,546.0,36.0,242,06081,242
183.0,267.0,407.0,83.0,231.0,101.0,540.0,68.0,243,06081,243
465.0,415.0,775.0,174.0,228.0,331.0,466.0,804.0,244,06081,244
371.0,374.0,375.0,58.0,167.0,196.0,685.0,130.0,245,06081,245
664.0,961.0,1110.0,131.0,693.0,403.0,1047.0,723.0,246,06081,246
382.0,497.0,481.0,31.0,423.0,13.0,764.0,191.0,247,06081,247
218.0,510.0,417.0,54.0,197.0,264.0,312.0,426.0,248,06081,248
396.0,1343.0,839.0,162.0,404.0,273.0,892.0,1171.0,249,06081,249
175.36576768345995,87.17011843914676,56.06235068243164,1.0255308051664325,4.443966822387874,72.81268716681672,19.48508529816222,222.882028322838,25,06075,25
403.0,872.0,540.0,113.0,357.0,352.0,646.0,573.0,250,06081,250
187.0,280.0,355.0,76.0,215.0,80.0,304.0,299.0,251,06081,251
380.0,703.0,588.0,123.0,789.0,63.0,826.0,116.0,252,06081,252
271.0,294.0,319.0,54.0,218.0,73.0,436.0,211.0,253,06081,253
487.0,514.0,623.0,142.0,549.0,7.0,1146.0,64.0,254,06081,254
337.0,408.0,473.0,67.0,375.0,84.0,693.0,133.0,255,06081,255
767.0,880.0,832.0,0.0,122.0,360.0,722.0,1275.0,256,06081,256
603.0,488.0,605.0,72.0,144.0,170.0,837.0,617.0,257,06081,257
198.0,469.0,431.0,30.0,95.0,162.0,228.0,643.0,258,06081,258
423.0,1189.0,498.0,302.0,175.0,372.0,832.0,1033.0,259,06081,259
261.0,302.0,120.0,33.0,0.0,90.0,4.0,622.0,26,06075,26
110.0,417.0,471.0,161.0,109.0,480.0,166.0,404.0,260,06081,260
236.0,364.0,572.0,248.0,283.0,355.0,495.0,287.0,261,06081,261
148.0,676.0,334.0,253.0,147.0,149.0,719.0,396.0,262,06081,262
178.0,203.0,247.0,179.0,219.0,57.0,429.0,102.0,263,06081,263
242.0,293.0,457.0,147.0,333.0,34.0,727.0,45.0,264,06081,264
368.0,972.0,369.0,9.0,121.0,179.0,744.0,674.0,265,06081,265
503.0,1379.0,605.0,117.0,41.0,691.0,327.0,1545.0,266,06081,266
338.0,554.0,501.0,44.0,289.0,259.0,504.0,385.0,267,06081,267
244.0,446.0,473.0,101.0,332.0,158.0,545.0,229.0,268,06081,268
240.0,598.0,454.0,63.0,237.0,149.0,447.0,522.0,269,06081,269
464.0,631.0,178.0,60.0,30.0,70.0,100.0,1133.0,27,06075,27
300.0,602.0,478.0,55.0,186.0,320.0,401.0,528.0,270,06081,270
308.0,439.0,511.0,42.0,416.0,169.0,632.0,83.0,271,06081,271
192.0,192.0,340.0,60.0,185.0,89.0,487.0,23.0,272,06081,272
222.0,517.0,595.0,45.0,252.0,274.0,492.0,361.0,273,06081,273
369.0,760.0,706.0,183.0,195.0,189.0,526.0,1108.0,274,06081,274
444.0,699.0,704.0,106.0,216.0,255.0,411.0,1071.0,275,06081,275
321.0,275.0,472.0,71.0,113.0,79.0,508.0,439.0,276,06081,276
202.0,563.0,622.0,236.0,388.0,204.0,556.0,475.0,277,06081,277
240.0,1067.0,1082.0,154.0,280.0,479.0,535.0,1249.0,278,06081,278
293.0,914.0,562.0,78.0,252.0,301.0,479.0,815.0,279,06081,279
506.0,734.0,357.0,36.0,41.0,79.0,321.0,1192.0,28,06075,28
317.0,586.0,453.0,116.0,298.0,163.0,620.0,391.0,280,06081,280
524.0,678.0,691.0,104.0,268.0,135.0,626.0,968.0,281,06081,281
252.0,291.0,308.0,96.0,254.0,82.0,453.0,158.0,282,06081,282
200.0,336.0,533.0,182.0,411.0,67.0,667.0,106.0,283,06081,283
222.0,748.0,530.0,150.0,121.0,398.0,382.0,749.0,284,06081,284
229.0,315.0,390.0,72.0,173.0,138.0,615.0,80.0,285,06081,285
375.0,980.0,1311.0,72.0,720.0,262.0,1149.0,607.0,286,06081,286
320.0,202.0,386.0,58.0,288.0,51.0,348.0,279.0,287,06081,287
578.0,1148.0,1190.0,34.0,457.0,645.0,589.0,1259.0,288,06081,288
372.0,455.0,1103.0,94.0,879.0,106.0,932.0,107.0,289,06081,289
424.0,964.0,247.0,43.0,33.0,39.0,53.0,1553.0,29,06075,29
342.0,521.0,381.0,126.0,239.0,142.0,683.0,306.0,290,06081,290
285.0,429.0,489.0,74.0,266.0,148.0,617.0,246.0,291,06081,291
215.0,247.0,323.0,83.0,207.0,89.0,510.0,62.0,292,06081,292
472.0,617.0,678.0,282.0,539.0,0.0,1365.0,145.0,293,06081,293
495.0,1178.0,535.0,236.0,473.0,46.0,1705.0,220.0,294,06081,294
255.0,396.0,527.0,145.0,223.0,194.0,727.0,179.0,295,06081,295
529.0,558.0,331.0,210.0,207.0,232.0,649.0,540.0,296,06081,296
259.0,573.0,508.0,177.0,284.0,119.0,807.0,307.0,297,06081,297
970.0,942.0,558.0,122.0,470.0,10.0,1741.0,371.0,298,06081,298
276.0,368.0,356.0,50.0,306.0,68.0,526.0,150.0,299,06081,299
81.08507354706424,106.22144634665415,31.01504063175207,6.89223125150046,2.6352648902795877,27.7716376898695,23.31195864478097,171.49493055204087,3,06075,3
623.0,642.0,154.0,69.0,0.0,140.0,178.0,1170.0,30,06075,30
186.0,321.0,341.0,48.0,208.0,35.0,597.0,56.0,300,06081,300
514.0,734.0,866.0,159.0,640.0,215.0,1351.0,67.0,301,06081,301
303.0,513.0,778.0,91.0,541.0,33.0,1020.0,91.0,302,06081,302
400.0,524.0,642.0,121.0,439.0,95.0,985.0,168.0,303,06081,303
350.0,718.0,526.0,152.0,421.0,50.0,1064.0,211.0,304,06081,304
124.0,204.0,244.0,37.0,186.0,39.0,310.0,74.0,305,06081,305
262.0,420.0,448.0,105.0,416.0,131.0,524.0,164.0,306,06081,306
278.0,628.0,667.0,110.0,615.0,110.0,805.0,153.0,307,06081,307
148.0,220.0,585.0,98.0,491.0,108.0,429.0,23.0,308,06081,308
277.0,572.0,444.0,121.0,250.0,185.0,544.0,435.0,309,06081,309
173.0,490.0,330.0,11.0,0.0,56.0,94.0,854.0,31,06075,31
82.0,192.0,225.0,60.0,150.0,31.0,248.0,130.0,310,06081,310
379.0,727.0,639.0,42.0,346.0,278.0,834.0,329.0,311,06081,311
610.0,1186.0,970.0,64.0,686.0,254.0,1170.0,720.0,312,06081,312
132.0,783.0,539.0,138.0,257.0,230.0,499.0,606.0,313,06081,313
286.0,641.0,698.0,231.0,23.0,600.0,344.0,889.0,314,06081,314
259.0,1233.0,975.0,34.0,0.0,208.0,55.0,2238.0,315,06081,315
144.0,293.0,358.0,102.0,157.0,134.0,261.0,345.0,316,06081,316
292.0,891.0,698.0,90.0,302.0,237.0,451.0,981.0,317,06081,317
187.0,378.0,517.0,74.0,430.0,108.0,502.0,116.0,318,06081,318
324.0,261.0,435.0,59.0,250.0,47.0,600.0,182.0,319,06081,319
282.0,770.0,371.0,50.0,12.0,75.0,142.0,1244.0,32,06075,32
338.0,798.0,978.0,132.0,253.0,613.0,710.0,670.0,320,06081,320
242.0,241.0,505.0,40.0,361.0,12.0,563.0,92.0,321,06081,321
395.0,588.0,640.0,125.0,362.0,76.0,867.0,443.0,322,06081,322
366.0,855.0,583.0,181.0,344.0,286.0,571.0,784.0,323,06081,323
199.0,464.0,607.0,200.0,51.0,624.0,158.0,637.0,324,06081,324
124.0,565.0,309.0,112.0,43.0,173.0,364.0,530.0,325,06081,325
102.0,401.0,228.0,164.0,28.0,266.0,52.0,549.0,326,06081,326
156.0,679.0,374.0,290.0,200.0,556.0,224.0,519.0,327,06081,327
298.0,362.0,260.0,111.0,237.0,40.0,578.0,176.0,328,06081,328
201.0,634.0,248.0,228.0,153.0,264.0,588.0,306.0,329,06081,329
316.0,388.0,425.0,0.0,54.0,39.0,303.0,733.0,33,06075,33
191.0,440.0,554.0,272.0,261.0,381.0,526.0,289.0,330,06081,330
218.0,615.0,554.0,390.0,383.0,271.0,380.0,743.0,331,06081,331
86.0,368.0,273.0,377.0,248.0,217.0,471.0,168.0,332,06081,332
170.0,594.0,795.0,499.0,392.0,255.0,994.0,417.0,333,06081,333
124.0,289.0,170.0,385.0,224.0,231.0,356.0,157.0,334,06081,334
234.0,761.0,251.0,124.0,65.0,436.0,357.0,512.0,335,06081,335
135.66346886616694,455.690113370971,333.443910656403,58.14148665692869,256.4188642305573,84.479083176734,402.0210487645753,240.01998337860306,336,06081,336
137.33653113383303,461.30988662902894,337.55608934359697,58.8585133430713,259.58113576944265,85.52091682326599,406.9789512354247,242.9800166213969,337,06081,337
92.0,290.0,304.0,64.0,270.0,44.0,363.0,73.0,338,06081,338
272.0,315.0,295.0,65.0,297.0,28.0,576.0,46.0,339,06081,339
200.0,402.0,359.0,110.0,51.0,18.0,202.0,800.0,34,06075,34
355.0,802.0,558.0,121.0,163.0,308.0,390.0,975.0,340,06081,340
448.0,776.0,681.0,24.0,201.0,389.0,273.0,1066.0,341,06081,341
392.0,574.0,298.0,55.0,340.0,27.0,767.0,185.0,342,06081,342
159.0,358.0,194.0,31.0,226.0,91.0,396.0,29.0,343,06081,343
177.0,366.0,391.0,39.0,398.0,70.0,408.0,97.0,344,06081,344
389.0,528.0,627.0,50.0,468.0,204.0,786.0,136.0,345,06081,345
357.0,412.0,332.0,73.0,223.0,113.0,667.0,171.0,346,06081,346
522.0,347.0,302.0,49.0,152.0,66.0,836.0,166.0,347,06085,347
87.1849112452976,53.99520071441726,132.26347330962759,45.07856206433001,77.27753496742287,37.152661042030225,175.36056011838266,28.731391205836708,348,06085,348
88.81508875470239,55.00479928558273,134.73652669037236,45.921437935669985,78.72246503257712,37.84733895796977,178.6394398816173,29.268608794163285,349,06085,349
500.0,880.0,863.0,139.0,13.0,54.0,458.0,1857.0,35,06075,35
269.0,350.0,264.0,56.0,199.0,33.0,699.0,8.0,350,06085,350
371.0,745.0,686.0,82.0,179.0,297.0,553.0,855.0,351,06085,351
277.81582899506424,371.52486308994287,221.19305574338844,4.966909934357525,12.251711171415229,76.49041298910589,10.26494719767222,776.4935864045598,352,06085,352
285.09897352034113,381.26465827154084,226.9917929816304,5.09712109988691,12.572898713054379,78.49566493825841,10.534050273099613,796.8499319489869,353,06085,353
276.0851974845947,369.2104786385164,219.81515127498125,4.935968965755567,12.175390115530398,76.01392207263572,10.201002529228171,771.6564816464536,354,06085,354
69.0,109.0,30.0,0.0,0.0,0.0,0.0,208.0,355,06085,355
725.0,892.0,353.0,0.0,118.0,75.0,356.0,1421.0,356,06085,356
291.0,674.0,603.0,144.0,489.0,210.0,709.0,304.0,357,06085,357
656.0,593.0,671.0,64.0,502.0,250.0,1118.0,114.0,358,06085,358
281.0,429.0,587.0,68.0,297.0,324.0,578.0,166.0,359,06085,359
933.0,664.0,142.0,95.0,0.0,165.0,97.0,1572.0,36,06075,36
562.0,745.0,660.0,62.0,364.0,258.0,893.0,514.0,360,06085,360
360.0,817.0,954.0,200.0,679.0,513.0,693.0,446.0,361,06085,361
495.0,582.0,767.0,72.0,541.0,298.0,803.0,274.0,362,06085,362
290.0,354.0,337.0,212.0,197.0,314.0,315.0,367.0,363,06085,363
190.0,215.0,264.0,41.0,176.0,133.0,332.0,69.0,364,06085,364
287.0,1168.0,632.0,144.0,147.0,238.0,292.0,1554.0,365,06085,365
311.0,988.0,809.0,152.0,269.0,233.0,735.0,1023.0,366,06085,366
611.0,866.0,683.0,117.0,345.0,423.0,955.0,554.0,367,06085,367
451.0,569.0,428.0,96.0,344.0,66.0,1072.0,62.0,368,06085,368
735.0,344.0,596.0,49.0,473.0,120.0,812.0,319.0,369,06085,369
467.0,846.0,441.0,82.0,80.0,94.0,115.0,1547.0,37,06075,37
489.0,551.0,639.0,69.0,431.0,227.0,839.0,251.0,370,06085,370
200.0,519.0,490.0,71.0,429.0,103.0,508.0,240.0,371,06085,371
454.0,1589.0,968.0,105.0,292.0,431.0,625.0,1768.0,372,06085,372
224.0,446.0,502.0,55.0,265.0,156.0,495.0,311.0,373,06085,373
119.0,426.0,487.0,89.0,142.0,166.0,374.0,439.0,374,06085,374
396.0,535.0,654.0,70.0,261.0,89.0,308.0,997.0,375,06085,375
294.0,651.0,538.0,109.0,295.0,126.0,639.0,532.0,376,06085,376
522.0,1073.0,955.0,121.0,277.0,270.0,772.0,1352.0,377,06085,377
192.0,797.0,675.0,42.0,110.0,233.0,287.0,1076.0,378,06085,378
329.0,1157.0,675.0,197.0,167.0,289.0,243.0,1659.0,379,06085,379
265.0,600.0,271.0,66.0,49.0,41.0,317.0,795.0,38,06075,38
55.0,1069.0,783.0,142.0,56.0,377.0,115.0,1501.0,380,06085,380
368.0,1371.0,650.0,98.0,475.0,289.0,910.0,813.0,381,06085,381
151.0,474.0,449.0,13.0,278.0,164.0,331.0,314.0,382,06085,382
91.0,234.0,345.0,124.0,385.0,62.0,288.0,59.0,383,06085,383
383.0,500.0,497.0,140.0,549.0,34.0,865.0,72.0,384,06085,384
216.0,426.0,316.0,69.0,295.0,82.0,601.0,49.0,385,06085,385
353.0,310.0,351.0,22.0,267.0,117.0,638.0,14.0,386,06085,386
290.0,347.0,550.0,142.0,492.0,104.0,642.0,91.0,387,06085,387
524.0,689.0,698.0,114.0,623.0,153.0,1219.0,30.0,388,06085,388
568.0,527.0,585.0,111.0,493.0,162.0,766.0,370.0,389,06085,389
593.0,786.0,592.0,172.0,0.0,132.0,499.0,1512.0,39,06075,39
287.0,556.0,489.0,39.0,197.0,183.0,459.0,532.0,390,06085,390
349.0,890.0,518.0,78.0,61.0,490.0,505.0,779.0,391,06085,391
105.0,872.0,848.0,205.0,0.0,573.0,70.0,1387.0,392,06085,392
261.0,1084.0,541.0,92.0,96.0,248.0,352.0,1282.0,393,06085,393
309.0,433.0,571.0,160.0,286.0,194.0,635.0,358.0,394,06085,394
133.45983769639116,590.8222028357092,344.8962097771906,17.99458485794038,100.96961503622103,171.44840572982085,200.43968133428035,614.3151330669091,395,06085,395
133.54016230360887,591.177797164291,345.10379022280944,18.005415142059622,101.03038496377899,171.55159427017918,200.56031866571968,614.6848669330909,396,06085,396
77.51245926959626,543.5873756519428,512.0823115617198,120.0192917722781,161.02588312780642,261.04195960470486,352.0565891986824,479.07700632434336,397,06085,397
77.48754073040374,543.4126243480572,511.91768843828015,119.9807082277219,160.97411687219358,260.95804039529514,351.9434108013176,478.92299367565664,398,06085,398
121.94978931563233,457.80344295505523,296.0232789032688,74.2516862365342,108.6729977369143,121.45805629419833,297.0067449461368,422.89039843324116,399,06085,399
79.32448600291013,103.91507666381227,30.341615896113126,6.7425813102473615,2.5780457950945794,27.16863645599672,22.805789725836664,167.77128789615494,4,06075,4
232.0,526.0,303.0,30.0,29.0,31.0,309.0,722.0,40,06075,40
126.0502106843677,473.1965570449449,305.97672109673124,76.74831376346582,112.32700226308573,125.5419437058017,306.99325505386327,437.10960156675895,400,06085,400
93.0,272.0,102.0,57.0,47.0,47.0,290.0,140.0,401,06085,401
0.0,50.0,132.0,10.0,0.0,123.0,0.0,69.0,402,06085,402
40.51238087039497,60.10443391427451,67.74201391443094,12.618610435041056,31.546526087602643,14.611022608994908,94.30750956714895,40.51238087039497,403,06085,403
41.22841904177802,61.16675284067066,68.93932364362881,12.841638717930858,32.10409679482714,14.86926588391994,95.97435252348325,41.22841904177802,404,06085,404
40.259200087827004,59.728813245054816,67.31866244194023,12.539750847028083,31.34937711757021,14.51971150708515,93.71813790936778,40.259200087827004,405,06085,405
20.80825688222108,593.332581955904,440.14417652774307,43.99460026526743,45.976339015955155,202.93004807042274,104.8339799113805,744.5392486333772,406,06085,406
21.501957169326936,613.1129501425223,454.8175892673821,45.46128087229123,47.50908631698904,209.69527753705506,108.3289080245138,769.3605055729647,407,06085,407
21.168842141829455,603.614413072737,447.77141330479253,44.75698052843941,46.773060732423176,206.44661288793677,106.65064279074078,757.4413326366977,408,06085,408
20.572828453727883,586.6195084805836,435.16430472123454,43.49683730216752,45.456154297760655,200.63406034873668,103.64786906687667,736.1153952443395,409,06085,409
336.0,588.0,288.0,0.0,22.0,13.0,91.0,1086.0,41,06075,41
20.94811535289466,597.3205463482535,443.102516178848,44.290301031834424,46.285359636872016,204.2940011558489,105.53860020648834,749.5435179126214,410,06085,410
76.99091985816897,452.056777148882,630.7604718655494,168.1086140022405,101.00643614420333,259.9326468606072,327.03482471864436,639.9428751513861,411,06085,411
32.00908014183103,187.94322285111798,262.23952813445055,69.8913859977595,41.99356385579667,108.06735313939284,135.96517528135564,266.05712484861385,412,06085,412
156.0,564.0,1012.0,72.0,377.0,295.0,202.0,930.0,413,06085,413
151.0,281.0,379.0,171.0,152.0,233.0,440.0,157.0,414,06085,414
74.92336526723288,162.9102916579833,185.96363481713186,130.25138884918948,171.74740653565692,50.717354950126875,246.6707718028898,84.91314730286393,415,06085,415
48.37637085368603,105.18759611263015,120.0726332983797,84.10046009948495,110.89352703383413,32.74708180864901,159.2698978875202,54.82655363417751,416,06085,416
71.70026387908108,155.90211222938655,177.9637318844884,124.64815105132556,164.35906643050893,48.53556324122411,236.05933030959,81.26029906295855,417,06085,417
130.474955283566,339.5371423209401,270.5214323833009,103.27168275340166,139.54271279362078,111.33191165122814,422.1544885236614,170.77609977269836,418,06085,418
128.525044716434,334.46285767905994,266.4785676166991,101.72831724659835,137.45728720637922,109.66808834877187,415.84551147633863,168.22390022730167,419,06085,419
94.0,219.0,131.0,173.0,0.0,149.0,0.0,468.0,42,06075,42
162.0,212.0,297.0,154.0,148.0,72.0,428.0,177.0,420,06085,420
470.0,1431.0,1084.0,205.0,418.0,212.0,1417.0,1143.0,421,06085,421
239.0,1330.0,1046.0,142.0,235.0,247.0,649.0,1626.0,422,06085,422
200.0,578.0,548.0,255.0,254.0,271.0,541.0,515.0,423,06085,423
64.0,338.0,509.0,75.0,83.0,283.0,341.0,279.0,424,06085,424
108.0,491.0,573.0,209.0,87.0,210.0,365.0,719.0,425,06085,425
107.0,788.0,511.0,142.0,225.0,125.0,415.0,783.0,426,06085,426
42.900461477912195,553.7152586102621,682.4166430439986,55.37152586102621,174.59490136359616,47.39004465583324,280.34952733240294,832.0694156413668,427,06085,427
43.099538522087805,556.2847413897379,685.5833569560014,55.62847413897379,175.40509863640384,47.60995534416676,281.65047266759706,835.9305843586332,428,06085,428
106.38658353980054,314.82548240111345,218.28950844833147,64.22597450736107,71.51542560175481,94.76286422711863,102.64335189673349,434.80590717099966,429,06085,429
247.0,625.0,495.0,58.0,106.0,68.0,344.0,907.0,43,06075,43
112.51693456410791,332.9667804323045,230.86808055005844,67.92689012573922,75.63638379031698,100.22341763951093,108.5580053850004,459.86087885738175,430,06085,430
106.46060027587775,315.04451711269013,218.44137982531956,64.27065868506695,71.56518129656227,94.82879394943926,102.71476434024503,435.1084163127078,431,06085,431
110.72466913378575,327.66300236257337,227.19061740784187,66.84489284743361,74.43158313993375,98.62697380250175,106.82880114574513,452.535823663454,432,06085,432
103.91121248642796,307.50021769131826,213.21041376844846,62.731583834399096,69.85142617143212,92.55795038142935,100.25507723227587,424.6889739954565,433,06085,433
210.5425912032179,442.8825330251219,297.73199367796224,46.071672898586506,53.50258788222949,98.0880777840874,259.5866300952616,586.0514950433101,434,06085,434
214.4574087967821,451.1174669748781,303.26800632203776,46.928327101413494,54.49741211777051,99.9119222159126,264.4133699047384,596.9485049566899,435,06085,435
241.0,744.0,491.0,169.0,341.0,281.0,515.0,508.0,436,06085,436
224.0,907.0,760.0,300.0,280.0,379.0,593.0,939.0,437,06085,437
224.0,506.0,703.0,196.0,488.0,165.0,592.0,384.0,438,06085,438
232.0,352.0,332.0,237.0,172.0,107.0,524.0,350.0,439,06085,439
292.0,846.0,499.0,63.0,70.0,25.0,317.0,1288.0,44,06075,44
332.0,2131.0,1064.0,199.0,175.0,1014.0,665.0,1872.0,440,06085,440
484.0,1247.0,933.0,268.0,145.0,245.0,496.0,2046.0,441,06085,441
174.0,213.0,465.0,284.0,286.0,6.0,626.0,218.0,442,06085,442
171.0,809.0,903.0,137.0,136.0,366.0,338.0,1180.0,443,06085,443
398.0,814.0,570.0,332.0,455.0,252.0,751.0,656.0,444,06085,444
306.0,702.0,788.0,184.0,328.0,529.0,600.0,523.0,445,06085,445
224.0,616.0,603.0,164.0,58.0,425.0,722.0,402.0,446,06085,446
301.0,988.0,632.0,103.0,106.0,475.0,785.0,658.0,447,06085,447
86.0,719.0,326.0,97.0,191.0,322.0,231.0,484.0,448,06085,448
439.0,1282.0,719.0,182.0,82.0,800.0,441.0,1299.0,449,06085,449
75.0,706.0,343.0,129.0,180.0,154.0,97.0,822.0,45,06075,45
459.0,813.0,1126.0,204.0,206.0,305.0,367.0,1724.0,450,06085,450
533.0,836.0,751.0,188.0,488.0,317.0,817.0,686.0,451,06085,451
172.0,345.0,343.0,119.0,327.0,144.0,501.0,7.0,452,06085,452
354.0,1010.0,885.0,234.0,550.0,563.0,991.0,379.0,453,06085,453
354.0,411.0,706.0,50.0,505.0,133.0,761.0,122.0,454,06085,454
318.0,199.0,326.0,94.0,252.0,36.0,582.0,67.0,455,06085,455
325.0,410.0,373.0,78.0,185.0,113.0,615.0,273.0,456,06085,456
303.0,562.0,809.0,71.0,420.0,464.0,661.0,200.0,457,06085,457
348.0,556.0,516.0,185.0,442.0,410.0,489.0,264.0,458,06085,458
315.0,378.0,593.0,109.0,326.0,182.0,722.0,165.0,459,06085,459
304.0,801.0,411.0,49.0,156.0,28.0,325.0,1056.0,46,06075,46
229.0,605.0,417.0,84.0,261.0,256.0,279.0,539.0,460,06085,460
150.0,539.0,740.0,83.0,304.0,214.0,653.0,341.0,461,06085,461
305.0,625.0,596.0,209.0,483.0,216.0,679.0,357.0,462,06085,462
369.0,717.0,536.0,180.0,279.0,282.0,700.0,541.0,463,06085,463
259.0,653.0,779.0,113.0,360.0,187.0,831.0,426.0,464,06085,464
188.0,720.0,500.0,192.0,249.0,123.0,634.0,594.0,465,06085,465
284.0,641.0,555.0,110.0,210.0,222.0,860.0,298.0,466,06085,466
273.0,1023.0,715.0,197.0,55.0,397.0,628.0,1128.0,467,06085,467
786.0,635.0,669.0,68.0,292.0,314.0,559.0,993.0,468,06085,468
227.0,840.0,208.0,198.0,240.0,454.0,430.0,349.0,469,06085,469
279.0,959.0,340.0,36.0,68.0,61.0,378.0,1107.0,47,06075,47
377.0,1000.0,858.0,310.0,310.0,297.0,871.0,1067.0,470,06085,470
452.0,639.0,774.0,132.0,73.0,382.0,438.0,1104.0,471,06085,471
448.0,1242.0,602.0,56.0,236.0,648.0,349.0,1115.0,472,06085,472
400.0,969.0,600.0,142.0,185.0,548.0,410.0,968.0,473,06085,473
197.0,605.0,568.0,196.0,172.0,192.0,649.0,553.0,474,06085,474
202.0,776.0,430.0,158.0,196.0,283.0,500.0,587.0,475,06085,475
605.0,936.0,1040.0,209.0,666.0,577.0,1036.0,511.0,476,06085,476
400.0,804.0,535.0,303.0,494.0,343.0,897.0,308.0,477,06085,477
344.0,1136.0,553.0,224.0,272.0,731.0,303.0,951.0,478,06085,478
311.0,809.0,775.0,196.0,477.0,365.0,724.0,525.0,479,06085,479
125.0,426.0,223.0,23.0,51.0,51.0,152.0,543.0,48,06075,48
158.0,394.0,411.0,86.0,308.0,123.0,585.0,33.0,480,06085,480
460.0,557.0,629.0,136.0,575.0,232.0,945.0,30.0,481,06085,481
169.0,455.0,674.0,103.0,419.0,198.0,711.0,73.0,482,06085,482
400.0,916.0,652.0,59.0,441.0,388.0,636.0,562.0,483,06085,483
258.0,522.0,520.0,115.0,368.0,173.0,736.0,138.0,484,06085,484
414.0,926.0,883.0,188.0,529.0,607.0,954.0,321.0,485,06085,485
245.0,1192.0,507.0,164.0,232.0,825.0,345.0,706.0,486,06085,486
262.0,888.0,664.0,115.0,281.0,494.0,435.0,719.0,487,06085,487
332.0,427.0,501.0,96.0,362.0,173.0,646.0,175.0,488,06085,488
478.0,789.0,703.0,213.0,658.0,177.0,1271.0,77.0,489,06085,489
631.0,1074.0,413.0,91.0,191.0,77.0,609.0,1332.0,49,06075,49
312.0,453.0,454.0,91.0,320.0,106.0,688.0,196.0,490,06085,490
119.0,499.0,436.0,26.0,259.0,211.0,526.0,84.0,491,06085,491
256.0,751.0,750.0,161.0,549.0,430.0,806.0,133.0,492,06085,492
633.0,453.0,567.0,230.0,611.0,39.0,1151.0,82.0,493,06085,493
687.0,759.0,542.0,132.0,519.0,147.0,1412.0,42.0,494,06085,494
449.0,665.0,772.0,163.0,596.0,183.0,1178.0,92.0,495,06085,495
279.0,266.0,258.0,102.0,152.0,50.0,646.0,57.0,496,06085,496
950.0,505.0,811.0,168.0,759.0,53.0,1288.0,334.0,497,06085,497
344.0,528.0,574.0,99.0,345.0,99.0,806.0,295.0,498,06085,498
538.0,779.0,961.0,144.0,954.0,124.0,1048.0,296.0,499,06085,499
78.74912710117816,103.1613565025434,30.121541116200646,6.693675803600144,2.55934663078829,26.97157603215352,22.64037404158872,166.5544038189918,5,06075,5
284.0,523.0,346.0,57.0,87.0,71.0,362.0,690.0,50,06075,50
212.0,413.0,425.0,262.0,358.0,198.0,688.0,68.0,500,06085,500
211.0,602.0,630.0,67.0,481.0,171.0,518.0,340.0,501,06085,501
527.0,527.0,582.0,141.0,353.0,297.0,649.0,478.0,502,06085,502
952.0,772.0,865.0,115.0,179.0,611.0,598.0,1316.0,503,06085,503
278.0,1042.0,654.0,180.0,195.0,423.0,716.0,820.0,504,06085,504
331.0,821.0,629.0,155.0,375.0,385.0,728.0,448.0,505,06085,505
326.0,518.0,462.0,109.0,255.0,173.0,459.0,528.0,506,06085,506
389.0,831.0,499.0,84.0,579.0,100.0,920.0,204.0,507,06085,507
159.0,447.0,525.0,41.0,247.0,286.0,360.0,279.0,508,06085,508
139.0,927.0,249.0,54.0,117.0,199.0,334.0,719.0,509,06085,509
297.0,1109.0,654.0,14.0,109.0,200.0,504.0,1261.0,51,06075,51
339.0,296.0,302.0,19.0,325.0,14.0,577.0,40.0,510,06085,510
382.0,389.0,418.0,18.0,226.0,91.0,785.0,105.0,511,06085,511
239.0,765.0,639.0,82.0,525.0,65.0,856.0,279.0,512,06085,512
271.0,474.0,308.0,76.0,365.0,28.0,689.0,47.0,513,06085,513
921.0,738.0,978.0,172.0,793.0,291.0,1293.0,432.0,514,06085,514
232.0,1014.0,703.0,289.0,789.0,326.0,598.0,525.0,515,06085,515
267.0,422.0,741.0,78.0,412.0,251.0,735.0,110.0,516,06085,516
376.0,345.0,1007.0,182.0,671.0,191.0,763.0,285.0,517,06085,517
502.0,661.0,926.0,87.0,562.0,243.0,898.0,473.0,518,06085,518
263.0,696.0,555.0,46.0,484.0,123.0,552.0,401.0,519,06085,519
216.0,429.0,550.0,143.0,0.0,527.0,0.0,811.0,52,06075,52
262.0,542.0,576.0,108.0,458.0,188.0,685.0,157.0,520,06085,520
449.0,772.0,794.0,114.0,418.0,399.0,677.0,635.0,521,06085,521
238.0,673.0,1073.0,215.0,564.0,299.0,668.0,668.0,522,06085,522
648.0,973.0,1191.0,252.0,1172.0,238.0,1397.0,257.0,523,06085,523
394.0,603.0,704.0,202.0,648.0,76.0,1040.0,139.0,524,06085,524
465.0,680.0,469.0,43.0,484.0,171.0,876.0,126.0,525,06085,525
322.0,931.0,1061.0,75.0,828.0,141.0,1128.0,292.0,526,06085,526
583.0,1024.0,954.0,195.0,622.0,215.0,1369.0,550.0,527,06085,527
170.0,453.0,443.0,98.0,263.0,86.0,428.0,387.0,528,06085,528
526.0,493.0,318.0,32.0,212.0,164.0,653.0,340.0,529,06085,529
15.0,20.0,5.0,0.0,0.0,0.0,0.0,40.0,53,06075,53
267.0,1106.0,621.0,39.0,109.0,333.0,423.0,1168.0,530,06085,530
303.0,716.0,319.0,76.0,88.0,181.0,619.0,526.0,531,06085,531
345.0,679.0,599.0,169.0,66.0,192.0,625.0,909.0,532,06085,532
268.0,741.0,487.0,162.0,116.0,365.0,203.0,974.0,533,06085,533
576.0,646.0,653.0,241.0,143.0,204.0,1143.0,626.0,534,06085,534
467.0,765.0,710.0,205.0,299.0,244.0,738.0,866.0,535,06085,535
139.0,731.0,694.0,299.0,158.0,509.0,371.0,825.0,536,06085,536
103.0,1103.0,407.0,120.0,7.0,357.0,270.0,1099.0,537,06085,537
104.25954391118597,452.79869553698643,314.2896396163287,30.72382694967316,84.61644143516543,83.10543355239462,255.86400148252403,478.4858295440902,538,06085,538
102.74045608881403,446.20130446301357,309.7103603836713,30.27617305032684,83.38355856483457,81.89456644760538,252.13599851747597,471.5141704559098,539,06085,539
713.0,305.0,248.0,203.0,104.0,202.0,527.0,636.0,54,06075,54
382.0,1081.0,690.0,151.0,237.0,400.0,452.0,1215.0,540,06085,540
355.0,932.0,683.0,174.0,321.0,145.0,1380.0,298.0,541,06085,541
87.0,488.0,406.0,51.0,155.0,152.0,273.0,452.0,542,06085,542
274.0,543.0,516.0,51.0,168.0,62.0,562.0,592.0,543,06085,543
445.0,1204.0,629.0,185.0,132.0,218.0,592.0,1521.0,544,06085,544
299.0,502.0,506.0,73.0,152.0,98.0,252.0,878.0,545,06085,545
201.0,874.0,804.0,58.0,174.0,199.0,302.0,1262.0,546,06085,546
358.0,1056.0,1311.0,237.0,253.0,414.0,725.0,1570.0,547,06085,547
221.0,558.0,410.0,166.0,318.0,105.0,531.0,401.0,548,06085,548
745.0,1207.0,390.0,187.0,99.0,194.0,106.0,2130.0,549,06085,549
388.0,649.0,412.0,68.0,185.0,51.0,605.0,676.0,55,06075,55
182.0,506.0,552.0,239.0,126.0,253.0,451.0,649.0,550,06085,550
233.0,280.0,356.0,77.0,22.0,223.0,213.0,488.0,551,06085,551
166.0,608.0,375.0,140.0,232.0,271.0,235.0,551.0,552,06085,552
214.0,407.0,421.0,172.0,223.0,258.0,467.0,266.0,553,06085,553
147.0,397.0,436.0,154.0,115.0,117.0,489.0,413.0,554,06085,554
101.0,607.0,516.0,198.0,46.0,223.0,410.0,743.0,555,06085,555
116.0,177.0,163.0,102.0,0.0,107.0,0.0,451.0,556,06085,556
470.0,1242.0,399.0,105.0,40.0,37.0,419.0,1720.0,557,06085,557
479.0,1163.0,654.0,133.0,24.0,76.0,480.0,1849.0,558,06085,558
171.0,796.0,628.0,129.0,286.0,303.0,582.0,553.0,559,06085,559
0.0,0.0,0.0,0.0,0.0,0.0,0.0,0.0,56,06075,56
198.0,579.0,355.0,262.0,190.0,426.0,211.0,567.0,560,06085,560
355.0,655.0,349.0,138.0,132.0,328.0,304.0,733.0,561,06085,561
315.0,350.0,420.0,243.0,90.0,378.0,443.0,417.0,562,06085,562
382.0,468.0,277.0,127.0,120.0,285.0,348.0,501.0,563,06085,563
225.0,723.0,540.0,209.0,95.0,524.0,376.0,702.0,564,06085,564
585.0,839.0,727.0,258.0,443.0,191.0,883.0,892.0,565,06085,565
247.0,1053.0,599.0,288.0,358.0,74.0,1477.0,278.0,566,06085,566
258.0,171.0,182.0,216.0,167.0,125.0,178.0,357.0,567,06085,567
436.0,417.0,309.0,196.0,424.0,118.0,489.0,327.0,568,06085,568
160.0,278.0,247.0,282.0,235.0,212.0,352.0,168.0,569,06085,569
261.0,251.0,322.0,88.0,210.0,57.0,483.0,172.0,57,06075,57
187.0,428.0,196.0,260.0,153.0,407.0,189.0,322.0,570,06085,570
80.0,213.0,176.0,249.0,202.0,79.0,367.0,70.0,571,06085,571
102.0,232.0,307.0,336.0,288.0,117.0,401.0,171.0,572,06085,572
173.0,224.0,334.0,191.0,266.0,33.0,509.0,114.0,573,06085,573
191.0,534.0,395.0,193.0,289.0,382.0,494.0,148.0,574,06085,574
184.0,363.0,180.0,278.0,255.0,64.0,536.0,150.0,575,06085,575
243.0,338.0,429.0,177.0,313.0,82.0,612.0,180.0,576,06085,576
93.0,271.0,447.0,330.0,240.0,170.0,481.0,250.0,577,06085,577
152.0,581.0,451.0,290.0,51.0,362.0,513.0,548.0,578,06085,578
273.0,186.0,160.0,107.0,59.0,115.0,143.0,409.0,579,06085,579
675.0,1020.0,716.0,183.0,146.0,389.0,539.0,1520.0,58,06075,58
174.0,213.0,353.0,227.0,99.0,409.0,150.0,309.0,580,06085,580
124.0,390.0,227.0,260.0,185.0,326.0,240.0,250.0,581,06085,581
251.0,544.0,594.0,424.0,385.0,227.0,682.0,519.0,582,06085,582
283.0,355.0,477.0,325.0,202.0,258.0,649.0,331.0,583,06085,583
148.0,164.0,222.0,297.0,308.0,89.0,375.0,59.0,584,06085,584
173.0,219.0,266.0,278.0,262.0,83.0,417.0,174.0,585,06085,585
57.0,268.0,185.0,603.0,295.0,220.0,455.0,143.0,586,06085,586
28.0,88.0,78.0,217.0,166.0,50.0,111.0,84.0,587,06085,587
192.0,162.0,350.0,536.0,204.0,469.0,428.0,139.0,588,06085,588
138.0,408.0,441.0,414.0,236.0,450.0,549.0,166.0,589,06085,589
346.0,529.0,619.0,209.0,305.0,89.0,615.0,694.0,59,06075,59
140.0,178.0,290.0,252.0,107.0,299.0,266.0,188.0,590,06085,590
95.0,301.0,299.0,300.0,179.0,334.0,258.0,224.0,591,06085,591
261.0,417.0,325.0,268.0,218.0,275.0,374.0,404.0,592,06085,592
99.0,305.0,293.0,217.0,97.0,350.0,245.0,222.0,593,06085,593
185.0,344.0,560.0,256.0,162.0,396.0,380.0,407.0,594,06085,594
359.0,465.0,349.0,122.0,81.0,279.0,189.0,746.0,595,06085,595
124.0,235.0,194.0,149.0,86.0,119.0,323.0,174.0,596,06085,596
601.0,794.0,643.0,129.0,181.0,438.0,492.0,1056.0,597,06085,597
308.0,551.0,826.0,277.0,536.0,71.0,1039.0,316.0,598,06085,598
215.0,354.0,501.0,429.0,467.0,209.0,658.0,165.0,599,06085,599
323.0,1406.0,351.0,0.0,0.0,27.0,147.0,1906.0,6,06075,6
451.0,534.0,523.0,84.0,141.0,164.0,476.0,811.0,60,06075,60
205.0,211.0,343.0,290.0,152.0,76.0,652.0,169.0,600,06085,600
414.0,1074.0,1383.0,238.0,422.0,266.0,1336.0,1085.0,601,06085,601
99.42085979746636,261.74063089537066,179.2280805872693,129.85581687832342,193.43106055833593,76.76372508171723,341.54785168517355,58.502750833202995,602,06085,602
98.20172587739538,258.5310742486531,177.03032215993042,128.2634786970062,191.0591401424155,75.82242100057398,337.35967053118816,57.78536930880748,603,06085,603
96.37741432513828,253.7282948559763,173.7415972528003,125.8807044246704,187.5097992992486,74.4138539177088,331.0924777836383,56.71187985798953,604,06085,604
240.0,1135.0,555.0,217.0,253.0,545.0,537.0,812.0,605,06085,605
319.0,1348.0,1891.0,495.0,605.0,517.0,1166.0,1765.0,606,06085,606
189.0,565.0,551.0,201.0,178.0,274.0,691.0,363.0,607,06085,607
197.0,989.0,899.0,45.0,283.0,326.0,448.0,1073.0,608,06085,608
560.0,400.0,490.0,292.0,425.0,268.0,743.0,306.0,609,06085,609
492.0,699.0,646.0,171.0,216.0,222.0,624.0,946.0,61,06075,61
287.0,185.0,240.0,55.0,164.0,84.0,311.0,208.0,610,06085,610
264.0,466.0,568.0,352.0,546.0,236.0,701.0,167.0,611,06085,611
230.0,629.0,895.0,438.0,571.0,363.0,758.0,500.0,612,06085,612
106.0,280.0,438.0,99.0,279.0,112.0,310.0,222.0,613,06085,613
234.0,432.0,639.0,224.0,503.0,167.0,668.0,191.0,614,06085,614
157.21658177488905,219.9994411635411,268.25403556969513,168.6316471182803,152.54678231622896,93.91485577971919,339.8576272691496,227.78244026130787,615,06085,615
104.0,432.0,453.0,428.0,325.0,269.0,488.0,335.0,616,06085,616
218.0,334.0,380.0,210.0,212.0,186.0,374.0,370.0,617,06085,617
145.783418225111,204.00055883645896,248.7459644303049,156.36835288171972,141.45321768377107,87.08514422028082,315.1423727308505,211.21755973869216,618,06085,618
324.0,387.0,572.0,193.0,471.0,79.0,772.0,154.0,619,06085,619
218.0,537.0,550.0,41.0,155.0,193.0,446.0,552.0,62,06075,62
153.0,359.0,478.0,148.0,428.0,136.0,387.0,187.0,620,06085,620
214.0,331.0,349.0,290.0,194.0,146.0,568.0,276.0,621,06085,621
298.0,384.0,437.0,464.0,393.0,115.0,792.0,283.0,622,06085,622
318.0,377.0,721.0,411.0,448.0,225.0,1016.0,138.0,623,06085,623
198.0,268.0,265.0,178.0,213.0,66.0,467.0,163.0,624,06085,624
264.0,564.0,513.0,317.0,401.0,189.0,783.0,285.0,625,06085,625
330.0,233.0,500.0,247.0,437.0,74.0,662.0,137.0,626,06085,626
287.0,723.0,625.0,240.0,466.0,221.0,994.0,194.0,627,06085,627
483.0,352.0,432.0,249.0,422.0,58.0,800.0,236.0,628,06085,628
323.0,330.0,865.0,357.0,591.0,183.0,936.0,165.0,629,06085,629
454.0,539.0,1137.0,90.0,214.0,370.0,788.0,848.0,63,06075,63
342.0,778.0,554.0,398.0,375.0,386.0,792.0,519.0,630,06085,630
178.0,264.0,458.0,317.0,372.0,171.0,497.0,177.0,631,06085,631
396.0,463.0,532.0,364.0,207.0,235.0,872.0,441.0,632,06085,632
226.0,341.0,360.0,614.0,383.0,314.0,584.0,260.0,633,06085,633
316.0,523.0,327.0,360.0,225.0,219.0,568.0,514.0,634,06085,634
195.0,243.0,319.0,337.0,197.0,149.0,588.0,160.0,635,06085,635
272.0,323.0,348.0,417.0,328.0,153.0,611.0,268.0,636,06085,636
288.0,232.0,505.0,284.0,305.0,15.0,872.0,117.0,637,06085,637
210.0,258.0,388.0,358.0,344.0,210.0,548.0,112.0,638,06085,638
131.0,348.0,376.0,277.0,282.0,264.0,385.0,201.0,639,06085,639
265.0,433.0,547.0,79.0,183.0,161.0,495.0,485.0,64,06075,64
120.0,231.0,213.0,223.0,255.0,52.0,353.0,127.0,640,06085,640
125.0,192.0,135.0,353.0,258.0,144.0,346.0,57.0,641,06085,641
206.0,516.0,286.0,94.0,210.0,110.0,734.0,48.0,642,06085,642
201.0,297.0,293.0,344.0,167.0,195.0,619.0,154.0,643,06085,643
188.0,342.0,321.0,267.0,343.0,24.0,694.0,57.0,644,06085,644
138.0,285.0,378.0,223.0,309.0,99.0,569.0,47.0,645,06085,645
129.0,372.0,245.0,182.0,215.0,50.0,539.0,124.0,646,06085,646
216.0,276.0,586.0,201.0,539.0,104.0,631.0,5.0,647,06085,647
399.0,462.0,619.0,436.0,709.0,184.0,879.0,144.0,648,06085,648
166.0,339.0,332.0,276.0,303.0,169.0,515.0,126.0,649,06085,649
471.0,986.0,745.0,124.0,87.0,242.0,742.0,1255.0,65,06075,65
324.0,570.0,722.0,529.0,609.0,297.0,681.0,558.0,650,06085,650
121.0,156.0,367.0,180.0,213.0,69.0,416.0,126.0,651,06085,651
395.0,464.0,357.0,187.0,520.0,69.0,511.0,303.0,652,06085,652
117.0,749.0,967.0,157.0,864.0,115.0,917.0,94.0,653,06085,653
1478.0,637.0,543.0,181.0,234.0,0.0,2333.0,272.0,654,06085,654
107.0,349.0,617.0,111.0,535.0,29.0,603.0,17.0,655,06085,655
147.0,506.0,906.0,321.0,751.0,81.0,974.0,74.0,656,06085,656
124.0,438.0,325.0,129.0,204.0,179.0,443.0,190.0,657,06085,657
256.0,276.0,646.0,144.0,362.0,181.0,662.0,117.0,658,06085,658
170.0,331.0,440.0,63.0,335.0,77.0,477.0,115.0,659,06085,659
384.0,419.0,578.0,296.0,250.0,128.0,472.0,827.0,66,06075,66
318.0,419.0,373.0,123.0,248.0,215.0,680.0,90.0,660,06085,660
421.0,797.0,760.0,286.0,595.0,304.0,964.0,401.0,661,06085,661
296.0,410.0,501.0,170.0,485.0,90.0,705.0,97.0,662,06085,662
205.0,226.0,348.0,99.0,332.0,80.0,446.0,20.0,663,06085,663
124.0,335.0,427.0,63.0,278.0,67.0,527.0,77.0,664,06085,664
337.0,741.0,979.0,474.0,724.0,230.0,1304.0,273.0,665,06085,665
313.0,638.0,663.0,260.0,212.0,467.0,868.0,327.0,666,06085,666
315.0,687.0,658.0,234.0,153.0,521.0,786.0,434.0,667,06085,667
290.0,697.0,658.0,331.0,635.0,97.0,984.0,260.0,668,06085,668
304.0,588.0,619.0,171.0,260.0,439.0,451.0,532.0,669,06085,669
372.0,626.0,768.0,153.0,161.0,337.0,353.0,1068.0,67,06075,67
148.0,309.0,213.0,361.0,346.0,78.0,462.0,145.0,670,06085,670
105.0,116.0,335.0,290.0,79.0,210.0,262.0,295.0,671,06085,671
317.0,522.0,500.0,149.0,301.0,127.0,629.0,431.0,672,06085,672
142.0,392.0,531.0,174.0,244.0,124.0,723.0,148.0,673,06085,673
337.0,484.0,642.0,263.0,635.0,150.0,765.0,176.0,674,06085,674
333.0,482.0,594.0,225.0,355.0,131.0,941.0,207.0,675,06085,675
280.0,781.0,461.0,226.0,124.0,302.0,651.0,671.0,676,06085,676
322.0,473.0,543.0,152.0,199.0,202.0,513.0,576.0,677,06085,677
250.0,224.0,345.0,127.0,294.0,45.0,493.0,114.0,678,06085,678
408.0,643.0,621.0,105.0,277.0,318.0,657.0,525.0,679,06085,679
472.0,498.0,258.0,148.0,42.0,77.0,349.0,908.0,68,06075,68
459.0,624.0,892.0,211.0,623.0,263.0,1171.0,129.0,680,06085,680
344.0,406.0,419.0,157.0,237.0,186.0,661.0,242.0,681,06085,681
362.0,700.0,641.0,125.0,440.0,161.0,1171.0,56.0,682,06085,682
243.0,470.0,520.0,105.0,314.0,174.0,748.0,102.0,683,06085,683
408.0,743.0,890.0,171.0,690.0,274.0,900.0,348.0,684,06085,684
319.0,603.0,582.0,135.0,415.0,232.0,509.0,483.0,685,06085,685
404.0,879.0,632.0,110.0,259.0,341.0,702.0,723.0,686,06085,686
266.0,487.0,562.0,115.0,233.0,224.0,447.0,526.0,687,06085,687
272.0,701.0,452.0,118.0,523.0,133.0,494.0,393.0,688,06085,688
276.0,373.0,591.0,197.0,538.0,104.0,782.0,13.0,689,06085,689
213.0,418.0,321.0,265.0,75.0,98.0,312.0,732.0,69,06075,69
543.0,422.0,798.0,266.0,701.0,103.0,1125.0,100.0,690,06085,690
252.0,280.0,469.0,88.0,300.0,64.0,671.0,54.0,691,06085,691
169.0,427.0,376.0,58.0,386.0,50.0,463.0,131.0,692,06085,692
206.0,366.0,591.0,76.0,507.0,89.0,583.0,60.0,693,06085,693
284.0,639.0,619.0,165.0,611.0,125.0,879.0,92.0,694,06085,694
245.0,365.0,323.0,55.0,452.0,12.0,493.0,31.0,695,06085,695
450.0,823.0,595.0,141.0,382.0,147.0,1114.0,366.0,696,06085,696
60.0,256.0,126.0,35.0,29.0,152.0,187.0,109.0,697,06085,697
485.0,981.0,924.0,314.0,974.0,83.0,1520.0,127.0,698,06085,698
376.0,448.0,628.0,197.0,402.0,100.0,1005.0,142.0,699,06085,699
588.0,1024.0,274.0,0.0,0.0,64.0,0.0,1822.0,7,06075,7
323.0,726.0,458.0,125.0,105.0,78.0,453.0,996.0,70,06075,70
257.0,378.0,546.0,129.0,397.0,175.0,591.0,147.0,700,06085,700
622.0,713.0,746.0,162.0,705.0,233.0,1025.0,280.0,701,06085,701
372.0,899.0,812.0,215.0,394.0,478.0,839.0,587.0,702,06085,702
233.0,409.0,476.0,219.0,429.0,59.0,761.0,88.0,703,06085,703
382.0,647.0,376.0,313.0,494.0,62.0,1068.0,94.0,704,06085,704
700.0,595.0,979.0,168.0,678.0,166.0,964.0,634.0,705,06085,705
184.0,317.0,187.0,167.0,99.0,164.0,447.0,145.0,706,06085,706
116.0,416.0,419.0,199.0,245.0,394.0,250.0,261.0,707,06085,707
391.0,542.0,351.0,281.0,395.0,100.0,565.0,505.0,708,06085,708
245.0,408.0,364.0,122.0,184.0,343.0,312.0,300.0,709,06085,709
676.0,787.0,416.0,120.0,290.0,155.0,528.0,1026.0,71,06075,71
388.0,681.0,827.0,371.0,454.0,587.0,802.0,424.0,710,06085,710
205.0,647.0,351.0,223.0,444.0,180.0,768.0,34.0,711,06085,711
396.0,589.0,354.0,119.0,313.0,117.0,844.0,184.0,712,06085,712
353.0,530.0,621.0,213.0,429.0,296.0,792.0,200.0,713,06085,713
60.0,115.0,49.0,67.0,6.0,65.0,203.0,17.0,714,06085,714
421.0,687.0,904.0,208.0,732.0,291.0,969.0,228.0,715,06001,715
410.0,509.0,664.0,160.0,381.0,199.0,701.0,462.0,716,06001,716
433.0,585.0,1005.0,164.0,565.0,221.0,1147.0,254.0,717,06001,717
113.0,154.0,178.0,91.0,66.0,57.0,352.0,61.0,718,06001,718
634.0,1236.0,733.0,147.0,759.0,157.0,991.0,843.0,719,06001,719
238.0,368.0,356.0,115.0,118.0,36.0,309.0,614.0,72,06075,72
252.0,931.0,844.0,149.0,474.0,76.0,1352.0,274.0,720,06001,720
441.0,861.0,641.0,273.0,274.0,340.0,988.0,614.0,721,06001,721
411.0,531.0,778.0,461.0,363.0,419.0,919.0,480.0,722,06001,722
235.0,803.0,659.0,78.0,502.0,188.0,768.0,317.0,723,06001,723
766.0,890.0,792.0,270.0,524.0,184.0,1044.0,966.0,724,06001,724
253.0,438.0,427.0,164.0,480.0,0.0,758.0,44.0,725,06001,725
376.0,614.0,488.0,147.0,339.0,185.0,885.0,216.0,726,06001,726
185.0,309.0,415.0,147.0,345.0,61.0,528.0,122.0,727,06001,727
590.0,595.0,905.0,281.0,646.0,78.0,1251.0,396.0,728,06001,728
128.0,926.0,1457.0,316.0,1605.0,138.0,924.0,160.0,729,06001,729
304.0,334.0,314.0,113.0,128.0,29.0,416.0,492.0,73,06075,73
243.0,682.0,824.0,148.0,764.0,394.0,473.0,266.0,730,06001,730
326.0,1389.0,844.0,65.0,200.0,605.0,721.0,1098.0,731,06001,731
299.0,682.0,765.0,103.0,426.0,181.0,644.0,598.0,732,06001,732
480.0,853.0,1130.0,176.0,777.0,208.0,973.0,681.0,733,06001,733
355.0,570.0,791.0,307.0,617.0,124.0,1148.0,134.0,734,06001,734
317.0,507.0,469.0,59.0,379.0,92.0,802.0,79.0,735,06001,735
288.0,528.0,444.0,110.0,405.0,107.0,711.0,147.0,736,06001,736
242.0,313.0,820.0,76.0,555.0,135.0,684.0,77.0,737,06001,737
373.0,613.0,983.0,51.0,798.0,115.0,946.0,161.0,738,06001,738
518.0,849.0,694.0,204.0,366.0,277.0,405.0,1217.0,739,06001,739
1138.0,721.0,304.0,87.0,0.0,117.0,170.0,1963.0,74,06075,74
217.0,636.0,375.0,86.0,449.0,194.0,576.0,95.0,740,06001,740
369.0,552.0,507.0,247.0,487.0,183.0,713.0,292.0,741,06001,741
260.0,1470.0,892.0,232.0,352.0,892.0,357.0,1253.0,742,06001,742
555.0,641.0,908.0,123.0,599.0,321.0,950.0,357.0,743,06001,743
474.0,617.0,781.0,69.0,339.0,291.0,705.0,606.0,744,06001,744
519.0,868.0,613.0,110.0,549.0,136.0,1095.0,330.0,745,06001,745
407.0,1149.0,776.0,339.0,1112.0,85.0,1279.0,195.0,746,06001,746
324.0,260.0,528.0,45.0,349.0,22.0,781.0,5.0,747,06001,747
238.0,401.0,534.0,88.0,644.0,34.0,486.0,97.0,748,06001,748
164.0,311.0,441.0,73.0,384.0,112.0,415.0,78.0,749,06001,749
637.0,685.0,333.0,58.0,69.0,41.0,546.0,1057.0,75,06075,75
111.80776089406969,238.50014630344896,421.61564324760644,54.0000331253092,446.88488951778317,76.50004692752137,228.11552454858182,74.42312257654794,750,06001,750
111.75592628370084,238.38957649990678,421.4201802277017,53.97499845280908,446.6777115549777,76.46458114147953,228.0097691051358,74.38861966252533,751,06001,751
65.0,490.0,391.0,29.0,130.0,239.0,332.0,274.0,752,06001,752
358.0,538.0,540.0,128.0,514.0,93.0,844.0,113.0,753,06001,753
231.0,403.0,382.0,234.0,321.0,58.0,824.0,47.0,754,06001,754
261.0,474.0,584.0,142.0,449.0,131.0,836.0,45.0,755,06001,755
347.0,648.0,1053.0,221.0,804.0,287.0,984.0,194.0,756,06001,756
105.0,340.0,330.0,94.0,365.0,58.0,385.0,61.0,757,06001,757
268.0,757.0,643.0,333.0,689.0,226.0,802.0,284.0,758,06001,758
305.0,952.0,950.0,253.0,689.0,645.0,697.0,429.0,759,06001,759
470.0,924.0,280.0,50.0,7.0,74.0,427.0,1216.0,76,06075,76
448.0,607.0,696.0,252.0,459.0,337.0,863.0,344.0,760,06001,760
298.0,497.0,660.0,100.0,276.0,449.0,353.0,477.0,761,06001,761
196.0,540.0,456.0,153.0,145.0,320.0,202.0,678.0,762,06001,762
365.0,597.0,453.0,151.0,59.0,447.0,279.0,781.0,763,06001,763
58.0,426.0,219.0,342.0,165.0,107.0,426.0,347.0,764,06001,764
193.0,280.0,342.0,129.0,300.0,105.0,449.0,90.0,765,06001,765
245.0,386.0,405.0,45.0,345.0,104.0,490.0,142.0,766,06001,766
262.0,616.0,941.0,125.0,472.0,127.0,1060.0,285.0,767,06001,767
267.0,437.0,1117.0,326.0,534.0,295.0,814.0,504.0,768,06001,768
99.43631282222947,212.11027719664426,374.9641765246919,48.024968421881724,397.4373989272391,68.0353719309991,202.8747063462824,66.18825776092673,769,06001,769
674.0,859.0,516.0,110.0,118.0,281.0,391.0,1369.0,77,06075,77
312.0,750.0,566.0,381.0,392.0,155.0,1094.0,368.0,770,06001,770
641.0,819.0,880.0,307.0,674.0,74.0,1377.0,522.0,771,06001,771
168.0,355.0,665.0,287.0,223.0,399.0,480.0,373.0,772,06001,772
375.0,548.0,759.0,291.0,292.0,551.0,677.0,453.0,773,06001,773
459.0,1054.0,582.0,56.0,244.0,325.0,723.0,859.0,774,06001,774
329.0,716.0,513.0,79.0,314.0,281.0,579.0,463.0,775,06001,775
447.0,933.0,851.0,72.0,473.0,415.0,874.0,541.0,776,06001,776
476.0,1154.0,685.0,25.0,31.0,790.0,122.0,1397.0,777,06001,777
131.0,652.0,660.0,55.0,204.0,276.0,308.0,710.0,778,06001,778
242.0,397.0,803.0,185.0,426.0,257.0,856.0,88.0,779,06001,779
831.0,160.0,101.0,120.0,0.0,186.0,23.0,1003.0,78,06075,78
291.0,228.0,435.0,67.0,333.0,32.0,576.0,80.0,780,06001,780
499.0,549.0,545.0,164.0,355.0,93.0,1066.0,243.0,781,06001,781
529.0,1092.0,906.0,113.0,682.0,337.0,1042.0,579.0,782,06001,782
311.0,421.0,478.0,52.0,270.0,107.0,359.0,526.0,783,06001,783
507.0,507.0,713.0,204.0,601.0,251.0,745.0,334.0,784,06001,784
443.0,822.0,924.0,182.0,432.0,511.0,811.0,617.0,785,06001,785
341.0,526.0,471.0,177.0,347.0,121.0,835.0,212.0,786,06001,786
515.0,917.0,732.0,258.0,783.0,447.0,588.0,604.0,787,06001,787
308.0,619.0,659.0,251.0,625.0,235.0,844.0,133.0,788,06001,788
333.0,361.0,609.0,205.0,680.0,55.0,607.0,166.0,789,06001,789
281.0,894.0,584.0,113.0,44.0,53.0,422.0,1353.0,79,06075,79
335.0,537.0,659.0,168.0,504.0,37.0,1006.0,152.0,790,06001,790
137.0,384.0,285.0,259.0,181.0,148.0,580.0,156.0,791,06001,791
95.0,395.0,351.0,164.0,345.0,45.0,590.0,25.0,792,06001,792
352.0,253.0,485.0,269.0,382.0,122.0,672.0,183.0,793,06001,793
107.0,288.0,376.0,108.0,340.0,42.0,462.0,35.0,794,06001,794
123.0,246.0,362.0,259.0,260.0,145.0,387.0,198.0,795,06001,795
237.0,277.0,257.0,98.0,163.0,52.0,560.0,94.0,796,06001,796
455.0,737.0,627.0,332.0,447.0,218.0,1256.0,230.0,797,06001,797
434.0,486.0,445.0,149.0,252.0,121.0,828.0,313.0,798,06001,798
451.0,523.0,656.0,127.0,489.0,121.0,809.0,338.0,799,06001,799
873.0,981.0,272.0,79.0,0.0,289.0,11.0,1905.0,8,06075,8
593.0,689.0,549.0,113.0,41.0,144.0,241.0,1518.0,80,06075,80
644.0,553.0,451.0,339.0,307.0,272.0,592.0,816.0,800,06001,800
227.0,406.0,437.0,284.0,194.0,268.0,540.0,352.0,801,06001,801
149.0,529.0,531.0,252.0,246.0,487.0,501.0,227.0,802,06001,802
493.0,228.0,206.0,48.0,150.0,74.0,411.0,340.0,803,06001,803
162.0,361.0,339.0,222.0,191.0,241.0,426.0,226.0,804,06001,804
240.0,603.0,743.0,654.0,690.0,233.0,1117.0,200.0,805,06001,805
336.0,269.0,347.0,226.0,258.0,88.0,672.0,160.0,806,06001,806
234.0,474.0,331.0,181.0,436.0,98.0,577.0,109.0,807,06001,807
88.0,184.0,354.0,238.0,406.0,48.0,385.0,25.0,808,06001,808
163.0,169.0,285.0,117.0,174.0,50.0,461.0,49.0,809,06001,809
344.0,873.0,570.0,210.0,113.0,105.0,276.0,1503.0,81,06075,81
441.0,584.0,680.0,541.0,576.0,94.0,1286.0,290.0,810,06001,810
692.0,817.0,853.0,412.0,470.0,377.0,1206.0,721.0,811,06001,811
219.0,362.0,412.0,164.0,353.0,108.0,528.0,168.0,812,06001,812
224.0,418.0,197.0,180.0,123.0,178.0,326.0,392.0,813,06001,813
281.0,308.0,188.0,272.0,305.0,83.0,632.0,29.0,814,06001,814
314.0,435.0,264.0,147.0,73.0,513.0,202.0,372.0,815,06001,815
201.0,237.0,235.0,208.0,154.0,141.0,321.0,265.0,816,06001,816
168.0,505.0,243.0,174.0,72.0,571.0,218.0,229.0,817,06001,817
321.0,319.0,287.0,424.0,277.0,170.0,706.0,198.0,818,06001,818
187.0,201.0,145.0,139.0,91.0,221.0,136.0,224.0,819,06001,819
400.0,744.0,371.0,105.0,132.0,50.0,386.0,1052.0,82,06075,82
580.0,477.0,995.0,369.0,825.0,46.0,1492.0,58.0,820,06001,820
374.0,490.0,660.0,105.0,331.0,122.0,888.0,288.0,821,06001,821
259.0,371.0,195.0,120.0,242.0,11.0,616.0,76.0,822,06001,822
314.0,287.0,500.0,87.0,155.0,113.0,811.0,109.0,823,06001,823
263.0,720.0,566.0,148.0,226.0,332.0,480.0,659.0,824,06001,824
411.0,598.0,669.0,221.0,198.0,507.0,592.0,602.0,825,06001,825
300.0,440.0,705.0,240.0,152.0,588.0,251.0,694.0,826,06001,826
139.0,578.0,235.0,372.0,192.0,287.0,457.0,388.0,827,06001,827
258.0,789.0,556.0,198.0,539.0,190.0,714.0,358.0,828,06001,828
177.0,496.0,357.0,161.0,236.0,234.0,444.0,277.0,829,06001,829
403.0,902.0,764.0,77.0,175.0,70.0,930.0,971.0,83,06075,83
179.0,741.0,613.0,336.0,356.0,605.0,526.0,382.0,830,06001,830
280.0,398.0,276.0,330.0,73.0,390.0,168.0,653.0,831,06001,831
379.0,454.0,392.0,465.0,496.0,197.0,506.0,491.0,832,06001,832
335.0,311.0,554.0,210.0,386.0,104.0,842.0,78.0,833,06001,833
380.0,427.0,405.0,343.0,378.0,163.0,912.0,102.0,834,06001,834
330.0,517.0,526.0,316.0,425.0,298.0,757.0,209.0,835,06001,835
315.0,483.0,600.0,105.0,258.0,244.0,714.0,287.0,836,06001,836
402.0,470.0,592.0,162.0,95.0,515.0,382.0,634.0,837,06001,837
364.0,602.0,286.0,184.0,71.0,330.0,345.0,690.0,838,06001,838
480.0,657.0,564.0,187.0,230.0,308.0,391.0,959.0,839,06001,839
201.0,639.0,1237.0,238.0,255.0,27.0,472.0,1561.0,84,06075,84
738.0,973.0,461.0,146.0,316.0,260.0,977.0,765.0,840,06001,840
256.0,526.0,690.0,167.0,173.0,227.0,715.0,524.0,841,06001,841
156.0,429.0,533.0,165.0,91.0,289.0,297.0,606.0,842,06001,842
345.0,578.0,378.0,125.0,290.0,132.0,842.0,162.0,843,06001,843
310.0,325.0,231.0,59.0,222.0,35.0,563.0,105.0,844,06001,844
539.0,686.0,898.0,203.0,750.0,140.0,1375.0,61.0,845,06001,845
503.0,722.0,584.0,272.0,598.0,163.0,899.0,421.0,846,06001,846
272.0,424.0,426.0,97.0,105.0,281.0,277.0,556.0,847,06001,847
270.0,662.0,779.0,106.0,287.0,388.0,362.0,780.0,848,06001,848
304.0,466.0,495.0,103.0,438.0,105.0,623.0,202.0,849,06001,849
190.0,827.0,576.0,86.0,34.0,228.0,215.0,1202.0,85,06075,85
299.0,384.0,474.0,129.0,367.0,149.0,693.0,77.0,850,06001,850
129.0,234.0,279.0,64.0,232.0,4.0,402.0,68.0,851,06001,851
394.0,599.0,974.0,229.0,887.0,48.0,1123.0,138.0,852,06001,852
494.0,684.0,664.0,211.0,199.0,299.0,940.0,615.0,853,06001,853
366.0,994.0,914.0,103.0,27.0,944.0,298.0,1108.0,854,06001,854
390.0,683.0,334.0,279.0,133.0,460.0,342.0,751.0,855,06001,855
284.0,442.0,544.0,183.0,284.0,232.0,719.0,218.0,856,06001,856
190.0,296.0,239.0,187.0,160.0,254.0,301.0,197.0,857,06001,857
710.0,689.0,570.0,201.0,479.0,172.0,792.0,727.0,858,06001,858
519.0,356.0,295.0,316.0,273.0,36.0,970.0,207.0,859,06001,859
306.0,595.0,465.0,50.0,88.0,198.0,235.0,895.0,86,06075,86
545.0,631.0,781.0,217.0,262.0,220.0,1347.0,345.0,860,06001,860
410.0,538.0,690.0,398.0,468.0,188.0,1188.0,192.0,861,06001,861
741.0,988.0,604.0,394.0,466.0,316.0,951.0,994.0,862,06001,862
199.0,573.0,330.0,202.0,277.0,83.0,611.0,333.0,863,06001,863
532.0,621.0,526.0,97.0,103.0,394.0,444.0,835.0,864,06001,864
340.0,508.0,371.0,169.0,250.0,80.0,826.0,232.0,865,06001,865
489.0,437.0,417.0,112.0,314.0,72.0,879.0,190.0,866,06001,866
267.0,429.0,119.0,161.0,245.0,67.0,487.0,177.0,867,06001,867
182.0,420.0,486.0,218.0,319.0,78.0,557.0,352.0,868,06001,868
415.0,668.0,339.0,105.0,235.0,140.0,496.0,656.0,869,06001,869
386.0,846.0,881.0,190.0,118.0,191.0,612.0,1382.0,87,06075,87
313.0,698.0,546.0,197.0,325.0,157.0,993.0,279.0,870,06001,870
368.0,815.0,557.0,103.0,48.0,362.0,617.0,816.0,871,06001,871
204.0,468.0,330.0,412.0,177.0,166.0,709.0,362.0,872,06001,872
346.0,586.0,572.0,338.0,255.0,549.0,571.0,467.0,873,06001,873
93.4224239982683,189.35620348036102,121.54960541710177,111.5041834818041,114.01553896562852,175.79488386770916,144.1518047715215,81.87018877267599,874,06001,874
92.57757600173171,187.643796519639,120.45039458289824,110.49581651819591,112.98446103437149,174.20511613229084,142.8481952284785,81.12981122732403,875,06001,875
155.0,188.0,212.0,123.0,161.0,109.0,270.0,138.0,876,06001,876
187.0,381.0,324.0,154.0,214.0,210.0,391.0,231.0,877,06001,877
452.0,644.0,291.0,308.0,386.0,510.0,318.0,481.0,878,06001,878
232.0,510.0,392.0,327.0,207.0,230.0,544.0,480.0,879,06001,879
256.0,728.0,439.0,88.0,41.0,122.0,270.0,1078.0,88,06075,88
186.0,399.0,272.0,223.0,274.0,337.0,159.0,310.0,880,06001,880
221.0,360.0,349.0,177.0,190.0,205.0,372.0,340.0,881,06001,881
268.0,441.0,349.0,37.0,249.0,244.0,426.0,176.0,882,06001,882
409.0,239.0,534.0,38.0,217.0,41.0,878.0,84.0,883,06001,883
277.0,545.0,541.0,71.0,373.0,30.0,910.0,121.0,884,06001,884
671.0,999.0,1167.0,128.0,928.0,10.0,1723.0,304.0,885,06001,885
393.0,855.0,513.0,105.0,156.0,179.0,1158.0,373.0,886,06001,886
350.0,559.0,208.0,109.0,161.0,298.0,612.0,155.0,887,06001,887
654.0,589.0,339.0,111.0,128.0,486.0,265.0,814.0,888,06001,888
256.0,500.0,402.0,175.0,73.0,281.0,553.0,426.0,889,06001,889
316.0,632.0,777.0,51.0,253.0,152.0,346.0,1025.0,89,06075,89
491.0,579.0,351.0,338.0,145.0,403.0,646.0,565.0,890,06001,890
584.0,573.0,406.0,164.0,132.0,421.0,556.0,618.0,891,06001,891
253.0,397.0,400.0,316.0,293.0,311.0,398.0,364.0,892,06001,892
139.0,611.0,231.0,136.0,211.0,493.0,120.0,293.0,893,06001,893
387.0,330.0,232.0,217.0,137.0,262.0,209.0,558.0,894,06001,894
686.0,905.0,408.0,366.0,152.0,700.0,230.0,1283.0,895,06001,895
129.0,302.0,143.0,100.0,103.0,159.0,164.0,248.0,896,06001,896
393.0,370.0,346.0,215.0,157.0,388.0,187.0,592.0,897,06001,897
361.0,585.0,272.0,80.0,237.0,283.0,245.0,533.0,898,06001,898
1020.0,1130.0,208.0,406.0,208.0,577.0,959.0,1020.0,899,06001,899
358.0,1641.0,514.0,0.0,0.0,236.0,43.0,2234.0,9,06075,9
334.0,914.0,770.0,80.0,101.0,141.0,385.0,1471.0,90,06075,90
407.0,750.0,595.0,259.0,292.0,361.0,686.0,672.0,900,06001,900
437.0,726.0,619.0,111.0,323.0,324.0,723.0,523.0,901,06001,901
190.0,214.0,315.0,32.0,123.0,103.0,444.0,81.0,902,06001,902
373.0,584.0,629.0,108.0,426.0,97.0,794.0,377.0,903,06001,903
436.0,822.0,586.0,333.0,525.0,310.0,579.0,763.0,904,06001,904
258.0,541.0,530.0,94.0,207.0,313.0,619.0,284.0,905,06001,905
311.0,748.0,1009.0,111.0,329.0,433.0,771.0,646.0,906,06001,906
204.0,619.0,497.0,2.0,279.0,253.0,644.0,146.0,907,06001,907
312.0,473.0,755.0,45.0,220.0,302.0,682.0,381.0,908,06001,908
346.0,477.0,575.0,31.0,292.0,130.0,678.0,329.0,909,06001,909
582.0,766.0,709.0,63.0,226.0,142.0,752.0,1000.0,91,06075,91
416.0,625.0,801.0,276.0,371.0,137.0,962.0,648.0,910,06001,910
332.0,258.0,319.0,110.0,181.0,23.0,696.0,119.0,911,06001,911
621.0,578.0,611.0,59.0,451.0,65.0,1119.0,234.0,912,06001,912
609.0,873.0,958.0,133.0,763.0,48.0,1637.0,125.0,913,06001,913
551.0,899.0,784.0,147.0,648.0,96.0,1423.0,214.0,914,06001,914
413.0,441.0,522.0,51.0,443.0,29.0,857.0,98.0,915,06001,915
352.0,475.0,517.0,57.0,407.0,36.0,771.0,187.0,916,06001,916
350.0,515.0,715.0,64.0,625.0,145.0,763.0,111.0,917,06001,917
461.0,675.0,867.0,90.0,846.0,87.0,1131.0,29.0,918,06001,918
137.0,286.0,234.0,28.0,183.0,19.0,392.0,91.0,919,06001,919
289.0,260.0,323.0,136.0,230.0,43.0,485.0,250.0,92,06075,92
189.0,258.0,351.0,59.0,228.0,0.0,566.0,63.0,920,06001,920
408.0,460.0,239.0,35.0,191.0,92.0,414.0,445.0,921,06001,921
386.0,681.0,949.0,49.0,349.0,213.0,885.0,618.0,922,06001,922
331.0,851.0,528.0,144.0,189.0,192.0,694.0,779.0,923,06001,923
228.0,756.0,821.0,201.0,291.0,541.0,503.0,671.0,924,06001,924
339.0,695.0,644.0,218.0,138.0,644.0,397.0,717.0,925,06001,925
452.0,805.0,485.0,204.0,103.0,404.0,452.0,987.0,926,06001,926
278.0,577.0,243.0,281.0,30.0,497.0,134.0,718.0,927,06001,927
253.0,707.0,238.0,310.0,75.0,564.0,169.0,700.0,928,06001,928
340.0,462.0,439.0,165.0,213.0,347.0,345.0,501.0,929,06001,929
498.0,1109.0,673.0,105.0,74.0,62.0,690.0,1559.0,93,06075,93
196.0,371.0,178.0,60.0,113.0,187.0,247.0,258.0,930,06001,930
185.0,751.0,494.0,61.0,113.0,204.0,417.0,757.0,931,06001,931
204.0,621.0,344.0,197.0,248.0,267.0,346.0,505.0,932,06001,932
209.0,321.0,173.0,216.0,129.0,169.0,222.0,399.0,933,06001,933
396.0,598.0,476.0,145.0,33.0,251.0,131.0,1200.0,934,06001,934
358.0,702.0,505.0,64.0,110.0,166.0,364.0,989.0,935,06001,935
286.0,671.0,313.0,179.0,132.0,122.0,323.0,872.0,936,06001,936
332.0,414.0,756.0,61.0,462.0,60.0,589.0,452.0,937,06001,937
324.0,474.0,808.0,88.0,603.0,51.0,999.0,41.0,938,06001,938
288.0,1091.0,601.0,32.0,220.0,120.0,530.0,1142.0,939,06001,939
234.0,491.0,494.0,55.0,196.0,75.0,355.0,648.0,94,06075,94
638.0,912.0,640.0,13.0,138.0,111.0,678.0,1276.0,940,06001,940
646.0,1347.0,807.0,46.0,114.0,386.0,347.0,1999.0,941,06001,941
462.0,745.0,466.0,4.0,28.0,180.0,178.0,1291.0,942,06001,942
311.0,1186.0,681.0,120.0,112.0,242.0,344.0,1600.0,943,06001,943
225.0,687.0,473.0,103.0,20.0,147.0,107.0,1214.0,944,06001,944
615.0,1097.0,211.0,0.0,0.0,91.0,332.0,1500.0,945,06001,945
174.0,730.0,626.0,31.0,11.0,97.0,443.0,1010.0,946,06001,946
652.0,744.0,394.0,210.0,104.0,343.0,202.0,1351.0,947,06001,947
236.0,615.0,647.0,59.0,221.0,394.0,336.0,606.0,948,06001,948
350.0,337.0,598.0,58.0,363.0,179.0,670.0,131.0,949,06001,949
342.0,544.0,523.0,15.0,185.0,96.0,649.0,494.0,95,06075,95
348.0,661.0,721.0,114.0,331.0,310.0,568.0,635.0,950,06001,950
901.0,941.0,753.0,123.0,517.0,317.0,965.0,919.0,951,06001,951
391.0,780.0,910.0,212.0,829.0,147.0,1170.0,147.0,952,06001,952
796.0,582.0,994.0,117.0,757.0,157.0,1398.0,177.0,953,06001,953
359.0,746.0,613.0,98.0,255.0,379.0,413.0,769.0,954,06001,954
229.0,636.0,339.0,14.0,80.0,326.0,158.0,654.0,955,06001,955
537.0,813.0,529.0,118.0,316.0,307.0,353.0,1021.0,956,06001,956
300.0,568.0,530.0,46.0,93.0,209.0,337.0,805.0,957,06001,957
261.0,738.0,527.0,27.0,141.0,155.0,543.0,714.0,958,06001,958
382.0,708.0,602.0,115.0,313.0,183.0,453.0,858.0,959,06001,959
147.0,507.0,515.0,43.0,217.0,79.0,422.0,494.0,96,06075,96
546.0,683.0,736.0,147.0,531.0,255.0,550.0,776.0,960,06001,960
173.01524044006013,223.01964519152259,340.02995230994475,30.00264285087748,212.51872019371547,150.513258301902,153.01347853947513,250.0220237573123,961,06001,961
394.0,683.0,690.0,144.0,151.0,397.0,239.0,1124.0,962,06001,962
399.0,920.0,759.0,98.0,332.0,118.0,502.0,1224.0,963,06001,963
172.98475955993987,222.9803548084774,339.97004769005525,29.99735714912252,212.4812798062845,150.48674169809797,152.98652146052484,249.97797624268767,964,06001,964
0.0,0.0,5.0,0.0,0.0,0.0,0.0,5.0,965,06001,965
6.0,33.0,6.0,0.0,0.0,0.0,39.0,6.0,966,06001,966
78.0,338.0,199.0,0.0,10.0,12.0,414.0,179.0,967,06001,967
759.0,723.0,275.0,24.0,0.0,78.0,389.0,1314.0,968,06001,968
211.0,531.0,377.0,0.0,35.0,22.0,322.0,740.0,969,06001,969
323.0,632.0,671.0,90.0,185.0,87.0,492.0,952.0,97,06075,97
523.0,865.0,245.0,42.0,22.0,356.0,190.0,1107.0,970,06001,970
523.0,526.0,353.0,0.0,0.0,107.0,0.0,1295.0,971,06001,971
854.0,1110.0,849.0,101.0,114.0,220.0,326.0,2254.0,972,06001,972
371.0,951.0,393.0,41.0,112.0,174.0,358.0,1112.0,973,06001,973
451.0,633.0,624.0,31.0,121.0,111.0,481.0,1026.0,974,06001,974
228.0,591.0,589.0,88.0,166.0,49.0,446.0,835.0,975,06001,975
352.0,1437.0,827.0,123.0,124.0,404.0,365.0,1846.0,976,06001,976
400.0,952.0,883.0,287.0,272.0,145.0,674.0,1431.0,977,06001,977
358.0,565.0,497.0,289.0,66.0,244.0,323.0,1076.0,978,06001,978
323.0,1483.0,563.0,27.0,145.0,145.0,132.0,1974.0,979,06001,979
281.0,818.0,818.0,104.0,276.0,78.0,635.0,1032.0,98,06075,98
196.0,306.0,200.0,75.0,64.0,73.0,152.0,488.0,980,06001,980
236.0,241.0,107.0,30.0,6.0,103.0,105.0,400.0,981,06001,981
252.0,272.0,148.0,45.0,22.0,185.0,87.0,423.0,982,06001,982
459.0,579.0,167.0,77.0,106.0,130.0,193.0,853.0,983,06001,983
121.10530316120705,279.588786310441,93.69463783665401,35.88305278850579,2.491878665868458,185.89414847378694,64.7888453125799,277.0969076445725,984,06001,984
121.89469683879295,281.411213689559,94.30536216334599,36.11694721149421,2.508121334131542,187.10585152621306,65.2111546874201,278.9030923554275,985,06001,985
189.0,315.0,315.0,133.0,51.0,124.0,323.0,454.0,986,06001,986
175.0,305.0,183.0,47.0,57.0,159.0,128.0,366.0,987,06001,987
101.0,765.0,569.0,80.0,109.0,180.0,544.0,682.0,988,06001,988
153.0,389.0,311.0,116.0,99.0,245.0,203.0,422.0,989,06001,989
383.0,812.0,385.0,178.0,188.0,50.0,533.0,987.0,99,06075,99
460.0,452.0,233.0,109.0,97.0,111.0,319.0,727.0,990,06001,990
392.0,924.0,761.0,76.0,43.0,143.0,577.0,1390.0,991,06001,991
136.0,403.0,458.0,130.0,120.0,222.0,269.0,516.0,992,06001,992
300.0,763.0,735.0,117.0,227.0,248.0,506.0,934.0,993,06001,993
261.0,428.0,303.0,42.0,196.0,106.0,328.0,404.0,994,06001,994
268.0,755.0,270.0,172.0,197.0,101.0,287.0,880.0,995,06001,995
327.0,805.0,576.0,191.0,215.0,127.0,434.0,1123.0,996,06001,996
119.0,295.0,358.0,23.0,104.0,102.0,253.0,336.0,997,06001,997
755.0,890.0,945.0,123.0,405.0,198.0,676.0,1434.0,998,06001,998
159.0,419.0,246.0,37.0,126.0,79.0,380.0,276.0,999,06001,999
