tract,hhwrks0_,hhwrks1_,hhwrks2_,hhwrks3p_,ownkidsyes_,rentkidsyes_,ownkidsno_,rentkidsno_,county_fips,taz,weight
06001400100,0,0,0,0,0,0,0,0,06001,1005,1.0
06001400200,0,0,0,0,0,0,0,0,06001,999,1.0
06001400300,0,0,0,0,0,0,0,0,06001,998,1.0
06001400400,0,0,0,0,0,0,0,0,06001,1000,1.0
06001400500,0,0,0,0,0,0,0,0,06001,1001,1.0
06001400600,0,0,0,0,0,0,0,0,06001,997,1.0
06001400700,0,0,0,0,0,0,0,0,06001,996,1.0
06001400800,0,0,0,0,0,0,0,0,06001,993,1.0
06001400900,0,0,0,0,0,0,0,0,06001,992,1.0
06001401000,0,0,0,0,0,0,0,0,06001,977,1.0
06001401100,0,0,0,0,0,0,0,0,06001,976,1.0
06001401200,0,0,0,0,0,0,0,0,06001,975,1.0
06001401300,0,0,0,0,0,0,0,0,06001,979,1.0
06001401400,0,0,0,0,0,0,0,0,06001,978,1.0
06001401500,0,0,0,0,0,0,0,0,06001,990,1.0
06001401600,0,0,0,0,0,0,0,0,06001,989,1.0
06001401700,0,0,0,0,0,0,0,0,06001,988,1.0
06001401800,0,0,0,0,0,0,0,0,06001,987,1.0
06001402200,0,0,0,0,0,0,0,0,06001,986,1.0
06001402400,0,0,0,0,0,0,0,0,06001,983,1.0
06001402500,0,0,0,0,0,0,0,0,06001,982,1.0
06001402600,0,0,0,0,0,0,0,0,06001,981,1.0
06001402700,0,0,0,0,0,0,0,0,06001,980,1.0
06001402801,0,0,0,0,0,0,0,0,06001,970,1.0
06001402802,0,0,0,0,0,0,0,0,06001,,
06001402900,0,0,0,0,0,0,0,0,06001,971,1.0
06001403000,0,0,0,0,0,0,0,0,06001,968,1.0
06001403100,0,0,0,0,0,0,0,0,06001,969,1.0
06001403301,0,0,0,0,0,0,0,0,06001,,
06001403302,0,0,0,0,0,0,0,0,06001,946,1.0
06001403401,0,0,0,0,0,0,0,0,06001,945,1.0
06001403402,0,0,0,0,0,0,0,0,06001,,
06001403501,0,0,0,0,0,0,0,0,06001,972,1.0
06001403502,0,0,0,0,0,0,0,0,06001,,
06001403600,0,0,0,0,0,0,0,0,06001,941,1.0
06001403701,0,0,0,0,0,0,0,0,06001,942,1.0
06001403702,0,0,0,0,0,0,0,0,06001,,
06001403800,0,0,0,0,0,0,0,0,06001,939,1.0
06001403900,0,0,0,0,0,0,0,0,06001,940,1.0
06001404000,0,0,0,0,0,0,0,0,06001,973,1.0
06001404101,0,0,0,0,0,0,0,0,06001,974,1.0
06001404102,0,0,0,0,0,0,0,0,06001,,
06001404200,0,0,0,0,0,0,0,0,06001,916,1.0
06001404300,0,0,0,0,0,0,0,0,06001,915,1.0
06001404400,0,0,0,0,0,0,0,0,06001,914,1.0
06001404501,0,0,0,0,0,0,0,0,06001,919,1.0
06001404502,0,0,0,0,0,0,0,0,06001,913,1.0
06001404600,0,0,0,0,0,0,0,0,06001,912,1.0
06001404700,0,0,0,0,0,0,0,0,06001,920,1.0
06001404800,0,0,0,0,0,0,0,0,06001,921,1.0
06001404900,0,0,0,0,0,0,0,0,06001,922,1.0
06001405000,0,0,0,0,0,0,0,0,06001,937,1.0
06001405100,0,0,0,0,0,0,0,0,06001,938,1.0
06001405200,0,0,0,0,0,0,0,0,06001,943,1.0
06001405301,0,0,0,0,0,0,0,0,06001,944,1.0
06001405302,0,0,0,0,0,0,0,0,06001,,
06001405401,0,0,0,0,0,0,0,0,06001,934,1.0
06001405402,0,0,0,0,0,0,0,0,06001,,
06001405500,0,0,0,0,0,0,0,0,06001,935,1.0
06001405600,0,0,0,0,0,0,0,0,06001,936,1.0
06001405700,0,0,0,0,0,0,0,0,06001,931,1.0
06001405800,0,0,0,0,0,0,0,0,06001,932,1.0
06001405901,0,0,0,0,0,0,0,0,06001,,
06001405902,0,0,0,0,0,0,0,0,06001,933,1.0
06001406000,0,0,0,0,0,0,0,0,06001,947,1.0
06001406100,0,0,0,0,0,0,0,0,06001,926,1.0
06001406201,0,0,0,0,0,0,0,0,06001,928,1.0
06001406202,0,0,0,0,0,0,0,0,06001,927,1.0
06001406300,0,0,0,0,0,0,0,0,06001,929,1.0
06001406400,0,0,0,0,0,0,0,0,06001,930,1.0
06001406500,0,0,0,0,0,0,0,0,06001,924,1.0
06001406601,0,0,0,0,0,0,0,0,06001,923,1.0
06001406602,0,0,0,0,0,0,0,0,06001,,
06001406700,0,0,0,0,0,0,0,0,06001,910,1.0
06001406800,0,0,0,0,0,0,0,0,06001,909,1.0
06001406900,0,0,0,0,0,0,0,0,06001,908,1.0
06001407000,0,0,0,0,0,0,0,0,06001,906,1.0
06001407101,0,0,0,0,0,0,0,0,06001,,
06001407102,0,0,0,0,0,0,0,0,06001,905,1.0
06001407200,0,0,0,0,0,0,0,0,06001,925,1.0
06001407300,0,0,0,0,0,0,0,0,06001,896,1.0
06001407400,0,0,0,0,0,0,0,0,06001,897,1.0
06001407500,0,0,0,0,0,0,0,0,06001,898,1.0
06001407600,0,0,0,0,0,0,0,0,06001,904,1.0
06001407700,0,0,0,0,0,0,0,0,06001,903,1.0
06001407800,0,0,0,0,0,0,0,0,06001,902,1.0
06001407900,0,0,0,0,0,0,0,0,06001,907,1.0
06001408000,0,0,0,0,0,0,0,0,06001,911,1.0
06001408100,0,0,0,0,0,0,0,0,06001,885,1.0
06001408200,0,0,0,0,0,0,0,0,06001,901,1.0
06001408300,0,0,0,0,0,0,0,0,06001,886,1.0
06001408400,0,0,0,0,0,0,0,0,06001,889,1.0
06001408500,0,0,0,0,0,0,0,0,06001,890,1.0
06001408600,0,0,0,0,0,0,0,0,06001,900,1.0
06001408700,0,0,0,0,0,0,0,0,06001,899,1.0
06001408800,0,0,0,0,0,0,0,0,06001,895,1.0
06001408900,0,0,0,0,0,0,0,0,06001,894,1.0
06001409000,0,0,0,0,0,0,0,0,06001,874,0.5022710967648834
06001409000,0,0,0,0,0,0,0,0,06001,875,0.4977289032351167
06001409100,0,0,0,0,0,0,0,0,06001,876,1.0
06001409200,0,0,0,0,0,0,0,0,06001,877,1.0
06001409300,0,0,0,0,0,0,0,0,06001,878,1.0
06001409400,0,0,0,0,0,0,0,0,06001,892,1.0
06001409500,0,0,0,0,0,0,0,0,06001,893,1.0
06001409600,0,0,0,0,0,0,0,0,06001,891,1.0
06001409700,0,0,0,0,0,0,0,0,06001,888,1.0
06001409800,0,0,0,0,0,0,0,0,06001,887,1.0
06001409900,0,0,0,0,0,0,0,0,06001,884,1.0
06001410000,0,0,0,0,0,0,0,0,06001,883,1.0
06001410100,0,0,0,0,0,0,0,0,06001,882,1.0
06001410200,0,0,0,0,0,0,0,0,06001,881,1.0
06001410300,0,0,0,0,0,0,0,0,06001,880,1.0
06001410400,0,0,0,0,0,0,0,0,06001,879,1.0
06001410500,0,0,0,0,0,0,0,0,06001,985,0.5016242668263085
06001410500,0,0,0,0,0,0,0,0,06001,984,0.49837573317369155
06001420100,0,0,0,0,0,0,0,0,06001,1035,1.0
06001420200,0,0,0,0,0,0,0,0,06001,1036,1.0
06001420301,0,0,0,0,0,0,0,0,06001,,
06001420302,0,0,0,0,0,0,0,0,06001,1039,1.0
06001420401,0,0,0,0,0,0,0,0,06001,,
06001420402,0,0,0,0,0,0,0,0,06001,1038,1.0
06001420500,0,0,0,0,0,0,0,0,06001,1037,1.0
06001420600,0,0,0,0,0,0,0,0,06001,1034,1.0
06001421100,0,0,0,0,0,0,0,0,06001,1030,1.0
06001421200,0,0,0,0,0,0,0,0,06001,1031,1.0
06001421300,0,0,0,0,0,0,0,0,06001,1033,1.0
06001421400,0,0,0,0,0,0,0,0,06001,1032,1.0
06001421500,0,0,0,0,0,0,0,0,06001,1029,1.0
06001421600,0,0,0,0,0,0,0,0,06001,1028,1.0
06001421700,0,0,0,0,0,0,0,0,06001,1027,1.0
06001421800,0,0,0,0,0,0,0,0,06001,1026,1.0
06001421900,0,0,0,0,0,0,0,0,06001,1025,1.0
06001422000,0,0,0,0,0,0,0,0,06001,1014,1.0
06001422100,0,0,0,0,0,0,0,0,06001,1024,1.0
06001422200,0,0,0,0,0,0,0,0,06001,1023,1.0
06001422300,0,0,0,0,0,0,0,0,06001,1022,1.0
06001422400,0,0,0,0,0,0,0,0,06001,1021,1.0
06001422500,0,0,0,0,0,0,0,0,06001,1020,1.0
06001422700,0,0,0,0,0,0,0,0,06001,1007,1.0
06001422800,0,0,0,0,0,0,0,0,06001,1008,1.0
06001422901,0,0,0,0,0,0,0,0,06001,,
06001422902,0,0,0,0,0,0,0,0,06001,1018,1.0
06001423000,0,0,0,0,0,0,0,0,06001,1017,1.0
06001423100,0,0,0,0,0,0,0,0,06001,1016,1.0
06001423200,0,0,0,0,0,0,0,0,06001,1015,1.0
06001423300,0,0,0,0,0,0,0,0,06001,1013,1.0
06001423400,0,0,0,0,0,0,0,0,06001,1012,1.0
06001423500,0,0,0,0,0,0,0,0,06001,1011,1.0
06001423601,0,0,0,0,0,0,0,0,06001,1010,1.0
06001423602,0,0,0,0,0,0,0,0,06001,1009,1.0
06001423700,0,0,0,0,0,0,0,0,06001,1006,1.0
06001423800,0,0,0,0,0,0,0,0,06001,1004,1.0
06001423901,0,0,0,0,0,0,0,0,06001,1002,1.0
06001423902,0,0,0,0,0,0,0,0,06001,1003,1.0
06001424001,0,0,0,0,0,0,0,0,06001,995,1.0
06001424002,0,0,0,0,0,0,0,0,06001,994,1.0
06001425101,0,0,0,0,0,0,0,0,06001,,
06001425102,0,0,0,0,0,0,0,0,06001,,
06001425103,0,0,0,0,0,0,0,0,06001,,
06001425104,0,0,0,0,0,0,0,0,06001,991,1.0
06001426100,0,0,0,0,0,0,0,0,06001,918,1.0
06001426200,0,0,0,0,0,0,0,0,06001,917,1.0
06001427100,0,0,0,0,0,0,0,0,06001,949,1.0
06001427200,0,0,0,0,0,0,0,0,06001,948,1.0
06001427300,0,0,0,0,0,0,0,0,06001,960,1.0
06001427600,0,0,0,0,0,0,0,0,06001,962,1.0
06001427700,0,0,0,0,0,0,0,0,06001,963,1.0
06001427800,0,0,0,0,0,0,0,0,06001,959,1.0
06001427900,0,0,0,0,0,0,0,0,06001,956,1.0
06001428000,0,0,0,0,0,0,0,0,06001,955,1.0
06001428100,0,0,0,0,0,0,0,0,06001,950,1.0
06001428200,0,0,0,0,0,0,0,0,06001,951,1.0
06001428301,0,0,0,0,0,0,0,0,06001,952,1.0
06001428302,0,0,0,0,0,0,0,0,06001,953,1.0
06001428400,0,0,0,0,0,0,0,0,06001,954,1.0
06001428500,0,0,0,0,0,0,0,0,06001,957,1.0
06001428600,0,0,0,0,0,0,0,0,06001,958,1.0
06001428700,0,0,0,0,0,0,0,0,06001,961,0.5000440475146246
06001428700,0,0,0,0,0,0,0,0,06001,964,0.49995595248537533
06001430101,0,0,0,0,0,0,0,0,06001,,
06001430102,0,0,0,0,0,0,0,0,06001,844,1.0
06001430200,0,0,0,0,0,0,0,0,06001,845,1.0
06001430300,0,0,0,0,0,0,0,0,06001,850,1.0
06001430400,0,0,0,0,0,0,0,0,06001,851,1.0
06001430500,0,0,0,0,0,0,0,0,06001,853,1.0
06001430600,0,0,0,0,0,0,0,0,06001,852,1.0
06001430700,0,0,0,0,0,0,0,0,06001,849,1.0
06001430800,0,0,0,0,0,0,0,0,06001,846,1.0
06001430900,0,0,0,0,0,0,0,0,06001,848,1.0
06001431000,0,0,0,0,0,0,0,0,06001,847,1.0
06001431100,0,0,0,0,0,0,0,0,06001,842,1.0
06001431200,0,0,0,0,0,0,0,0,06001,840,1.0
06001432100,0,0,0,0,0,0,0,0,06001,868,1.0
06001432200,0,0,0,0,0,0,0,0,06001,869,1.0
06001432300,0,0,0,0,0,0,0,0,06001,870,1.0
06001432400,0,0,0,0,0,0,0,0,06001,873,1.0
06001432501,0,0,0,0,0,0,0,0,06001,872,1.0
06001432502,0,0,0,0,0,0,0,0,06001,,
06001432601,0,0,0,0,0,0,0,0,06001,871,1.0
06001432602,0,0,0,0,0,0,0,0,06001,,
06001432700,0,0,0,0,0,0,0,0,06001,867,1.0
06001432800,0,0,0,0,0,0,0,0,06001,866,1.0
06001433000,0,0,0,0,0,0,0,0,06001,865,1.0
06001433102,0,0,0,0,0,0,0,0,06001,863,1.0
06001433103,0,0,0,0,0,0,0,0,06001,,
06001433104,0,0,0,0,0,0,0,0,06001,864,1.0
06001433200,0,0,0,0,0,0,0,0,06001,862,1.0
06001433300,0,0,0,0,0,0,0,0,06001,861,1.0
06001433400,0,0,0,0,0,0,0,0,06001,860,1.0
06001433500,0,0,0,0,0,0,0,0,06001,859,1.0
06001433600,0,0,0,0,0,0,0,0,06001,858,1.0
06001433700,0,0,0,0,0,0,0,0,06001,857,1.0
06001433801,0,0,0,0,0,0,0,0,06001,,
06001433802,0,0,0,0,0,0,0,0,06001,856,1.0
06001433900,0,0,0,0,0,0,0,0,06001,854,1.0
06001434000,0,0,0,0,0,0,0,0,06001,855,1.0
06001435102,0,0,0,0,0,0,0,0,06001,821,1.0
06001435103,0,0,0,0,0,0,0,0,06001,820,1.0
06001435104,0,0,0,0,0,0,0,0,06001,,
06001435200,0,0,0,0,0,0,0,0,06001,843,1.0
06001435300,0,0,0,0,0,0,0,0,06001,841,1.0
06001435400,0,0,0,0,0,0,0,0,06001,839,1.0
06001435500,0,0,0,0,0,0,0,0,06001,838,1.0
06001435601,0,0,0,0,0,0,0,0,06001,,
06001435602,0,0,0,0,0,0,0,0,06001,837,1.0
06001435700,0,0,0,0,0,0,0,0,06001,836,1.0
06001435800,0,0,0,0,0,0,0,0,06001,835,1.0
06001435900,0,0,0,0,0,0,0,0,06001,834,1.0
06001436000,0,0,0,0,0,0,0,0,06001,833,1.0
06001436100,0,0,0,0,0,0,0,0,06001,832,1.0
06001436200,0,0,0,0,0,0,0,0,06001,831,1.0
06001436301,0,0,0,0,0,0,0,0,06001,828,1.0
06001436302,0,0,0,0,0,0,0,0,06001,,
06001436402,0,0,0,0,0,0,0,0,06001,822,1.0
06001436403,0,0,0,0,0,0,0,0,06001,,
06001436404,0,0,0,0,0,0,0,0,06001,823,1.0
06001436500,0,0,0,0,0,0,0,0,06001,824,1.0
06001436601,0,0,0,0,0,0,0,0,06001,825,1.0
06001436602,0,0,0,0,0,0,0,0,06001,826,1.0
06001436700,0,0,0,0,0,0,0,0,06001,829,1.0
06001436800,0,0,0,0,0,0,0,0,06001,827,1.0
06001436900,0,0,0,0,0,0,0,0,06001,830,1.0
06001437000,0,0,0,0,0,0,0,0,06001,812,1.0
06001437101,0,0,0,0,0,0,0,0,06001,810,1.0
06001437102,0,0,0,0,0,0,0,0,06001,,
06001437200,0,0,0,0,0,0,0,0,06001,811,1.0
06001437300,0,0,0,0,0,0,0,0,06001,813,1.0
06001437400,0,0,0,0,0,0,0,0,06001,814,1.0
06001437500,0,0,0,0,0,0,0,0,06001,815,1.0
06001437600,0,0,0,0,0,0,0,0,06001,816,1.0
06001437701,0,0,0,0,0,0,0,0,06001,817,1.0
06001437702,0,0,0,0,0,0,0,0,06001,,
06001437800,0,0,0,0,0,0,0,0,06001,818,1.0
06001437900,0,0,0,0,0,0,0,0,06001,819,1.0
06001438000,0,0,0,0,0,0,0,0,06001,804,1.0
06001438100,0,0,0,0,0,0,0,0,06001,805,1.0
06001438201,0,0,0,0,0,0,0,0,06001,807,1.0
06001438203,0,0,0,0,0,0,0,0,06001,806,1.0
06001438204,0,0,0,0,0,0,0,0,06001,,
06001438300,0,0,0,0,0,0,0,0,06001,808,1.0
06001438400,0,0,0,0,0,0,0,0,06001,809,1.0
06001440100,0,0,0,0,0,0,0,0,06001,803,1.0
06001440200,0,0,0,0,0,0,0,0,06001,802,1.0
06001440301,0,0,0,0,0,0,0,0,06001,797,1.0
06001440304,0,0,0,0,0,0,0,0,06001,793,1.0
06001440305,0,0,0,0,0,0,0,0,06001,792,1.0
06001440306,0,0,0,0,0,0,0,0,06001,791,1.0
06001440307,0,0,0,0,0,0,0,0,06001,798,1.0
06001440308,0,0,0,0,0,0,0,0,06001,800,1.0
06001440331,0,0,0,0,0,0,0,0,06001,795,1.0
06001440332,0,0,0,0,0,0,0,0,06001,794,1.0
06001440333,0,0,0,0,0,0,0,0,06001,796,1.0
06001440334,0,0,0,0,0,0,0,0,06001,,
06001440336,0,0,0,0,0,0,0,0,06001,801,1.0
06001440337,0,0,0,0,0,0,0,0,06001,,
06001440338,0,0,0,0,0,0,0,0,06001,,
06001441100,0,0,0,0,0,0,0,0,06001,781,1.0
06001441200,0,0,0,0,0,0,0,0,06001,782,1.0
06001441301,0,0,0,0,0,0,0,0,06001,783,1.0
06001441302,0,0,0,0,0,0,0,0,06001,784,1.0
06001441401,0,0,0,0,0,0,0,0,06001,787,1.0
06001441402,0,0,0,0,0,0,0,0,06001,799,1.0
06001441501,0,0,0,0,0,0,0,0,06001,790,1.0
06001441503,0,0,0,0,0,0,0,0,06001,750,0.3461540584955718
06001441503,0,0,0,0,0,0,0,0,06001,751,0.3459935798256992
06001441503,0,0,0,0,0,0,0,0,06001,769,0.307852361678729
06001441521,0,0,0,0,0,0,0,0,06001,788,1.0
06001441522,0,0,0,0,0,0,0,0,06001,789,1.0
06001441523,0,0,0,0,0,0,0,0,06001,,
06001441524,0,0,0,0,0,0,0,0,06001,,
06001441525,0,0,0,0,0,0,0,0,06001,752,1.0
06001441601,0,0,0,0,0,0,0,0,06001,786,1.0
06001441602,0,0,0,0,0,0,0,0,06001,785,1.0
06001441701,0,0,0,0,0,0,0,0,06001,,
06001441702,0,0,0,0,0,0,0,0,06001,774,1.0
06001441800,0,0,0,0,0,0,0,0,06001,776,1.0
06001441921,0,0,0,0,0,0,0,0,06001,762,1.0
06001441923,0,0,0,0,0,0,0,0,06001,777,1.0
06001441924,0,0,0,0,0,0,0,0,06001,,
06001441926,0,0,0,0,0,0,0,0,06001,,
06001441927,0,0,0,0,0,0,0,0,06001,763,1.0
06001441928,0,0,0,0,0,0,0,0,06001,778,1.0
06001441929,0,0,0,0,0,0,0,0,06001,,
06001442000,0,0,0,0,0,0,0,0,06001,780,1.0
06001442100,0,0,0,0,0,0,0,0,06001,779,1.0
06001442200,0,0,0,0,0,0,0,0,06001,756,1.0
06001442301,0,0,0,0,0,0,0,0,06001,761,1.0
06001442302,0,0,0,0,0,0,0,0,06001,,
06001442400,0,0,0,0,0,0,0,0,06001,760,1.0
06001442501,0,0,0,0,0,0,0,0,06001,,
06001442502,0,0,0,0,0,0,0,0,06001,764,1.0
06001442601,0,0,0,0,0,0,0,0,06001,,
06001442602,0,0,0,0,0,0,0,0,06001,775,1.0
06001442700,0,0,0,0,0,0,0,0,06001,766,1.0
06001442800,0,0,0,0,0,0,0,0,06001,765,1.0
06001442900,0,0,0,0,0,0,0,0,06001,759,1.0
06001443001,0,0,0,0,0,0,0,0,06001,757,1.0
06001443002,0,0,0,0,0,0,0,0,06001,758,1.0
06001443102,0,0,0,0,0,0,0,0,06001,753,1.0
06001443103,0,0,0,0,0,0,0,0,06001,754,1.0
06001443104,0,0,0,0,0,0,0,0,06001,,
06001443105,0,0,0,0,0,0,0,0,06001,755,1.0
06001443200,0,0,0,0,0,0,0,0,06001,747,1.0
06001443301,0,0,0,0,0,0,0,0,06001,748,1.0
06001443321,0,0,0,0,0,0,0,0,06001,,
06001443322,0,0,0,0,0,0,0,0,06001,749,1.0
06001444100,0,0,0,0,0,0,0,0,06001,771,1.0
06001444200,0,0,0,0,0,0,0,0,06001,770,1.0
06001444301,0,0,0,0,0,0,0,0,06001,,
06001444303,0,0,0,0,0,0,0,0,06001,,
06001444304,0,0,0,0,0,0,0,0,06001,768,1.0
06001444400,0,0,0,0,0,0,0,0,06001,772,1.0
06001444500,0,0,0,0,0,0,0,0,06001,773,1.0
06001444601,0,0,0,0,0,0,0,0,06001,,
06001444602,0,0,0,0,0,0,0,0,06001,767,1.0
06001450101,0,0,0,0,0,0,0,0,06001,,
06001450102,0,0,0,0,0,0,0,0,06001,730,1.0
06001450200,0,0,0,0,0,0,0,0,06001,731,1.0
06001450300,0,0,0,0,0,0,0,0,06001,732,1.0
06001450400,0,0,0,0,0,0,0,0,06001,733,1.0
06001450501,0,0,0,0,0,0,0,0,06001,,
06001450502,0,0,0,0,0,0,0,0,06001,734,1.0
06001450601,0,0,0,0,0,0,0,0,06001,735,1.0
06001450603,0,0,0,0,0,0,0,0,06001,737,1.0
06001450604,0,0,0,0,0,0,0,0,06001,741,1.0
06001450605,0,0,0,0,0,0,0,0,06001,740,1.0
06001450606,0,0,0,0,0,0,0,0,06001,738,1.0
06001450607,0,0,0,0,0,0,0,0,06001,739,1.0
06001450608,0,0,0,0,0,0,0,0,06001,736,1.0
06001450609,0,0,0,0,0,0,0,0,06001,,
06001450701,0,0,0,0,0,0,0,0,06001,746,1.0
06001450741,0,0,0,0,0,0,0,0,06001,744,1.0
06001450742,0,0,0,0,0,0,0,0,06001,745,1.0
06001450743,0,0,0,0,0,0,0,0,06001,742,1.0
06001450744,0,0,0,0,0,0,0,0,06001,,
06001450745,0,0,0,0,0,0,0,0,06001,743,1.0
06001450746,0,0,0,0,0,0,0,0,06001,,
06001450750,0,0,0,0,0,0,0,0,06001,,
06001450751,0,0,0,0,0,0,0,0,06001,,
06001450752,0,0,0,0,0,0,0,0,06001,729,1.0
06001451102,0,0,0,0,0,0,0,0,06001,725,1.0
06001451103,0,0,0,0,0,0,0,0,06001,,
06001451104,0,0,0,0,0,0,0,0,06001,715,1.0
06001451201,0,0,0,0,0,0,0,0,06001,719,1.0
06001451202,0,0,0,0,0,0,0,0,06001,720,1.0
06001451300,0,0,0,0,0,0,0,0,06001,728,1.0
06001451401,0,0,0,0,0,0,0,0,06001,721,1.0
06001451403,0,0,0,0,0,0,0,0,06001,,
06001451404,0,0,0,0,0,0,0,0,06001,722,1.0
06001451501,0,0,0,0,0,0,0,0,06001,716,1.0
06001451503,0,0,0,0,0,0,0,0,06001,717,1.0
06001451504,0,0,0,0,0,0,0,0,06001,718,1.0
06001451505,0,0,0,0,0,0,0,0,06001,,
06001451506,0,0,0,0,0,0,0,0,06001,,
06001451601,0,0,0,0,0,0,0,0,06001,723,1.0
06001451602,0,0,0,0,0,0,0,0,06001,724,1.0
06001451701,0,0,0,0,0,0,0,0,06001,727,1.0
06001451703,0,0,0,0,0,0,0,0,06001,,
06001451704,0,0,0,0,0,0,0,0,06001,726,1.0
06001981900,0,0,0,0,0,0,0,0,06001,965,1.0
06001982000,0,0,0,0,0,0,0,0,06001,966,1.0
06001982100,0,0,0,0,0,0,0,0,06001,1019,1.0
06001983200,0,0,0,0,0,0,0,0,06001,967,1.0
06001990000,0,0,0,0,0,0,0,0,06001,,
06013301000,0,0,0,0,0,0,0,0,06013,1181,1.0
06013302005,0,0,0,0,0,0,0,0,06013,,
06013302006,0,0,0,0,0,0,0,0,06013,1182,1.0
06013302007,0,0,0,0,0,0,0,0,06013,,
06013302009,0,0,0,0,0,0,0,0,06013,1185,1.0
06013302011,0,0,0,0,0,0,0,0,06013,1180,1.0
06013302012,0,0,0,0,0,0,0,0,06013,,
06013302013,0,0,0,0,0,0,0,0,06013,,
06013302014,0,0,0,0,0,0,0,0,06013,,
06013303104,0,0,0,0,0,0,0,0,06013,,
06013303105,0,0,0,0,0,0,0,0,06013,,
06013303106,0,0,0,0,0,0,0,0,06013,1179,1.0
06013303107,0,0,0,0,0,0,0,0,06013,,
06013303202,0,0,0,0,0,0,0,0,06013,,
06013303204,0,0,0,0,0,0,0,0,06013,,
06013303206,0,0,0,0,0,0,0,0,06013,,
06013303207,0,0,0,0,0,0,0,0,06013,,
06013303208,0,0,0,0,0,0,0,0,06013,,
06013303209,0,0,0,0,0,0,0,0,06013,,
06013303210,0,0,0,0,0,0,0,0,06013,,
06013303211,0,0,0,0,0,0,0,0,06013,1178,1.0
06013304001,0,0,0,0,0,0,0,0,06013,,
06013304002,0,0,0,0,0,0,0,0,06013,1177,1.0
06013304003,0,0,0,0,0,0,0,0,06013,,
06013304004,0,0,0,0,0,0,0,0,06013,,
06013304006,0,0,0,0,0,0,0,0,06013,,
06013304007,0,0,0,0,0,0,0,0,06013,,
06013305000,0,0,0,0,0,0,0,0,06013,1189,1.0
06013306002,0,0,0,0,0,0,0,0,06013,1183,1.0
06013306003,0,0,0,0,0,0,0,0,06013,1188,1.0
06013306004,0,0,0,0,0,0,0,0,06013,,
06013307101,0,0,0,0,0,0,0,0,06013,1194,1.0
06013307102,0,0,0,0,0,0,0,0,06013,1191,1.0
06013307201,0,0,0,0,0,0,0,0,06013,1197,1.0
06013307202,0,0,0,0,0,0,0,0,06013,1190,1.0
06013307204,0,0,0,0,0,0,0,0,06013,1192,1.0
06013307205,0,0,0,0,0,0,0,0,06013,1193,1.0
06013308001,0,0,0,0,0,0,0,0,06013,1187,1.0
06013308002,0,0,0,0,0,0,0,0,06013,1184,1.0
06013309000,0,0,0,0,0,0,0,0,06013,1205,1.0
06013310000,0,0,0,0,0,0,0,0,06013,1206,1.0
06013311000,0,0,0,0,0,0,0,0,06013,1203,1.0
06013312000,0,0,0,0,0,0,0,0,06013,1204,1.0
06013313102,0,0,0,0,0,0,0,0,06013,1198,1.0
06013313104,0,0,0,0,0,0,0,0,06013,,
06013313105,0,0,0,0,0,0,0,0,06013,1199,1.0
06013313106,0,0,0,0,0,0,0,0,06013,1196,1.0
06013313107,0,0,0,0,0,0,0,0,06013,,
06013313203,0,0,0,0,0,0,0,0,06013,,
06013313204,0,0,0,0,0,0,0,0,06013,1200,1.0
06013313205,0,0,0,0,0,0,0,0,06013,1201,1.0
06013313206,0,0,0,0,0,0,0,0,06013,1202,1.0
06013314102,0,0,0,0,0,0,0,0,06013,1207,1.0
06013314103,0,0,0,0,0,0,0,0,06013,1209,1.0
06013314105,0,0,0,0,0,0,0,0,06013,1208,1.0
06013314106,0,0,0,0,0,0,0,0,06013,,
06013314200,0,0,0,0,0,0,0,0,06013,1210,1.0
06013315000,0,0,0,0,0,0,0,0,06013,1097,1.0
06013316000,0,0,0,0,0,0,0,0,06013,1092,1.0
06013317000,0,0,0,0,0,0,0,0,06013,1093,1.0
06013318000,0,0,0,0,0,0,0,0,06013,1091,1.0
06013319001,0,0,0,0,0,0,0,0,06013,,
06013319002,0,0,0,0,0,0,0,0,06013,1094,1.0
06013320001,0,0,0,0,0,0,0,0,06013,1095,1.0
06013320003,0,0,0,0,0,0,0,0,06013,,
06013320004,0,0,0,0,0,0,0,0,06013,1096,1.0
06013321101,0,0,0,0,0,0,0,0,06013,1124,1.0
06013321102,0,0,0,0,0,0,0,0,06013,1126,1.0
06013321103,0,0,0,0,0,0,0,0,06013,1125,1.0
06013321200,0,0,0,0,0,0,0,0,06013,1123,1.0
06013322000,0,0,0,0,0,0,0,0,06013,1127,1.0
06013323000,0,0,0,0,0,0,0,0,06013,1128,1.0
06013324002,0,0,0,0,0,0,0,0,06013,1121,1.0
06013324003,0,0,0,0,0,0,0,0,06013,,
06013324004,0,0,0,0,0,0,0,0,06013,,
06013325000,0,0,0,0,0,0,0,0,06013,1129,1.0
06013326000,0,0,0,0,0,0,0,0,06013,1130,1.0
06013327001,0,0,0,0,0,0,0,0,06013,1122,1.0
06013327002,0,0,0,0,0,0,0,0,06013,,
06013328000,0,0,0,0,0,0,0,0,06013,1113,1.0
06013329000,0,0,0,0,0,0,0,0,06013,1112,1.0
06013330000,0,0,0,0,0,0,0,0,06013,1111,1.0
06013331000,0,0,0,0,0,0,0,0,06013,1110,1.0
06013332000,0,0,0,0,0,0,0,0,06013,1109,1.0
06013333101,0,0,0,0,0,0,0,0,06013,,
06013333102,0,0,0,0,0,0,0,0,06013,1099,1.0
06013333200,0,0,0,0,0,0,0,0,06013,1108,1.0
06013334001,0,0,0,0,0,0,0,0,06013,1107,1.0
06013334006,0,0,0,0,0,0,0,0,06013,1104,0.48519168866819207
06013334006,0,0,0,0,0,0,0,0,06013,1105,0.5148083113318078
06013334007,0,0,0,0,0,0,0,0,06013,1106,1.0
06013334008,0,0,0,0,0,0,0,0,06013,,
06013334200,0,0,0,0,0,0,0,0,06013,1147,0.5029626819209566
06013334200,0,0,0,0,0,0,0,0,06013,1162,0.4970373180790434
06013335000,0,0,0,0,0,0,0,0,06013,1116,1.0
06013336101,0,0,0,0,0,0,0,0,06013,1115,1.0
06013336103,0,0,0,0,0,0,0,0,06013,1114,1.0
06013336104,0,0,0,0,0,0,0,0,06013,,
06013336201,0,0,0,0,0,0,0,0,06013,1120,1.0
06013336202,0,0,0,0,0,0,0,0,06013,,
06013337100,0,0,0,0,0,0,0,0,06013,1117,1.0
06013337201,0,0,0,0,0,0,0,0,06013,,
06013337202,0,0,0,0,0,0,0,0,06013,1118,1.0
06013337300,0,0,0,0,0,0,0,0,06013,1138,1.0
06013338101,0,0,0,0,0,0,0,0,06013,,
06013338102,0,0,0,0,0,0,0,0,06013,1119,1.0
06013338201,0,0,0,0,0,0,0,0,06013,1137,1.0
06013338203,0,0,0,0,0,0,0,0,06013,1136,1.0
06013338204,0,0,0,0,0,0,0,0,06013,1135,1.0
06013338301,0,0,0,0,0,0,0,0,06013,1140,1.0
06013338302,0,0,0,0,0,0,0,0,06013,1141,1.0
06013339001,0,0,0,0,0,0,0,0,06013,1146,1.0
06013339003,0,0,0,0,0,0,0,0,06013,1145,1.0
06013339004,0,0,0,0,0,0,0,0,06013,,
06013340001,0,0,0,0,0,0,0,0,06013,1134,1.0
06013340003,0,0,0,0,0,0,0,0,06013,,
06013340004,0,0,0,0,0,0,0,0,06013,1133,1.0
06013341000,0,0,0,0,0,0,0,0,06013,1149,1.0
06013343001,0,0,0,0,0,0,0,0,06013,1144,1.0
06013343002,0,0,0,0,0,0,0,0,06013,1143,1.0
06013343003,0,0,0,0,0,0,0,0,06013,1142,1.0
06013345101,0,0,0,0,0,0,0,0,06013,1172,1.0
06013345102,0,0,0,0,0,0,0,0,06013,1173,1.0
06013345103,0,0,0,0,0,0,0,0,06013,1174,1.0
06013345105,0,0,0,0,0,0,0,0,06013,1169,1.0
06013345111,0,0,0,0,0,0,0,0,06013,,
06013345112,0,0,0,0,0,0,0,0,06013,1175,1.0
06013345113,0,0,0,0,0,0,0,0,06013,,
06013345114,0,0,0,0,0,0,0,0,06013,1167,1.0
06013345115,0,0,0,0,0,0,0,0,06013,1171,1.0
06013345116,0,0,0,0,0,0,0,0,06013,,
06013345117,0,0,0,0,0,0,0,0,06013,,
06013345118,0,0,0,0,0,0,0,0,06013,1168,1.0
06013345203,0,0,0,0,0,0,0,0,06013,1161,1.0
06013345204,0,0,0,0,0,0,0,0,06013,,
06013345205,0,0,0,0,0,0,0,0,06013,1170,1.0
06013345206,0,0,0,0,0,0,0,0,06013,,
06013346101,0,0,0,0,0,0,0,0,06013,1163,1.0
06013346102,0,0,0,0,0,0,0,0,06013,1164,1.0
06013346203,0,0,0,0,0,0,0,0,06013,,
06013346204,0,0,0,0,0,0,0,0,06013,1166,1.0
06013346205,0,0,0,0,0,0,0,0,06013,1165,1.0
06013346206,0,0,0,0,0,0,0,0,06013,,
06013347000,0,0,0,0,0,0,0,0,06013,1131,1.0
06013348000,0,0,0,0,0,0,0,0,06013,1132,1.0
06013349000,0,0,0,0,0,0,0,0,06013,1150,1.0
06013350000,0,0,0,0,0,0,0,0,06013,1152,1.0
06013351101,0,0,0,0,0,0,0,0,06013,,
06013351103,0,0,0,0,0,0,0,0,06013,1148,1.0
06013351104,0,0,0,0,0,0,0,0,06013,,
06013351105,0,0,0,0,0,0,0,0,06013,,
06013351200,0,0,0,0,0,0,0,0,06013,1151,1.0
06013352101,0,0,0,0,0,0,0,0,06013,1159,1.0
06013352102,0,0,0,0,0,0,0,0,06013,1160,1.0
06013352201,0,0,0,0,0,0,0,0,06013,1158,1.0
06013352202,0,0,0,0,0,0,0,0,06013,1157,1.0
06013353001,0,0,0,0,0,0,0,0,06013,1156,1.0
06013353002,0,0,0,0,0,0,0,0,06013,1153,1.0
06013354001,0,0,0,0,0,0,0,0,06013,1155,1.0
06013354002,0,0,0,0,0,0,0,0,06013,1154,1.0
06013355107,0,0,0,0,0,0,0,0,06013,1195,1.0
06013355109,0,0,0,0,0,0,0,0,06013,1186,1.0
06013355110,0,0,0,0,0,0,0,0,06013,,
06013355111,0,0,0,0,0,0,0,0,06013,,
06013355112,0,0,0,0,0,0,0,0,06013,1176,1.0
06013355113,0,0,0,0,0,0,0,0,06013,,
06013355115,0,0,0,0,0,0,0,0,06013,,
06013355118,0,0,0,0,0,0,0,0,06013,,
06013355119,0,0,0,0,0,0,0,0,06013,,
06013355120,0,0,0,0,0,0,0,0,06013,,
06013355121,0,0,0,0,0,0,0,0,06013,,
06013355122,0,0,0,0,0,0,0,0,06013,,
06013355123,0,0,0,0,0,0,0,0,06013,,
06013355124,0,0,0,0,0,0,0,0,06013,,
06013355125,0,0,0,0,0,0,0,0,06013,,
06013355126,0,0,0,0,0,0,0,0,06013,,
06013355201,0,0,0,0,0,0,0,0,06013,,
06013355202,0,0,0,0,0,0,0,0,06013,1098,1.0
06013355302,0,0,0,0,0,0,0,0,06013,1139,1.0
06013355306,0,0,0,0,0,0,0,0,06013,1102,0.500094710327848
06013355306,0,0,0,0,0,0,0,0,06013,1101,0.49990528967215203
06013355307,0,0,0,0,0,0,0,0,06013,1100,1.0
06013355308,0,0,0,0,0,0,0,0,06013,,
06013355309,0,0,0,0,0,0,0,0,06013,1103,1.0
06013355310,0,0,0,0,0,0,0,0,06013,,
06013356001,0,0,0,0,0,0,0,0,06013,1088,1.0
06013356002,0,0,0,0,0,0,0,0,06013,1087,1.0
06013357000,0,0,0,0,0,0,0,0,06013,1090,1.0
06013358000,0,0,0,0,0,0,0,0,06013,1089,1.0
06013359102,0,0,0,0,0,0,0,0,06013,1082,1.0
06013359103,0,0,0,0,0,0,0,0,06013,1083,1.0
06013359104,0,0,0,0,0,0,0,0,06013,,
06013359105,0,0,0,0,0,0,0,0,06013,,
06013359202,0,0,0,0,0,0,0,0,06013,1084,1.0
06013359203,0,0,0,0,0,0,0,0,06013,1086,1.0
06013359204,0,0,0,0,0,0,0,0,06013,1085,1.0
06013360101,0,0,0,0,0,0,0,0,06013,,
06013360102,0,0,0,0,0,0,0,0,06013,1079,1.0
06013360200,0,0,0,0,0,0,0,0,06013,1078,1.0
06013361000,0,0,0,0,0,0,0,0,06013,1077,1.0
06013362000,0,0,0,0,0,0,0,0,06013,1076,1.0
06013363000,0,0,0,0,0,0,0,0,06013,1074,1.0
06013364002,0,0,0,0,0,0,0,0,06013,1080,1.0
06013365002,0,0,0,0,0,0,0,0,06013,1068,1.0
06013365003,0,0,0,0,0,0,0,0,06013,,
06013366001,0,0,0,0,0,0,0,0,06013,1070,1.0
06013366002,0,0,0,0,0,0,0,0,06013,1071,1.0
06013367100,0,0,0,0,0,0,0,0,06013,1073,1.0
06013367200,0,0,0,0,0,0,0,0,06013,1072,1.0
06013368001,0,0,0,0,0,0,0,0,06013,1067,1.0
06013368002,0,0,0,0,0,0,0,0,06013,,
06013369001,0,0,0,0,0,0,0,0,06013,1066,1.0
06013369002,0,0,0,0,0,0,0,0,06013,1075,1.0
06013370000,0,0,0,0,0,0,0,0,06013,1054,1.0
06013371000,0,0,0,0,0,0,0,0,06013,1055,1.0
06013372000,0,0,0,0,0,0,0,0,06013,1065,1.0
06013373000,0,0,0,0,0,0,0,0,06013,1064,1.0
06013374000,0,0,0,0,0,0,0,0,06013,1056,1.0
06013375000,0,0,0,0,0,0,0,0,06013,1057,1.0
06013376000,0,0,0,0,0,0,0,0,06013,1063,1.0
06013377000,0,0,0,0,0,0,0,0,06013,1061,1.0
06013378000,0,0,0,0,0,0,0,0,06013,1062,1.0
06013379000,0,0,0,0,0,0,0,0,06013,1060,1.0
06013380001,0,0,0,0,0,0,0,0,06013,1059,1.0
06013380002,0,0,0,0,0,0,0,0,06013,,
06013381000,0,0,0,0,0,0,0,0,06013,1058,1.0
06013382000,0,0,0,0,0,0,0,0,06013,1050,1.0
06013383000,0,0,0,0,0,0,0,0,06013,1049,1.0
06013384000,0,0,0,0,0,0,0,0,06013,1053,1.0
06013385100,0,0,0,0,0,0,0,0,06013,1045,1.0
06013385200,0,0,0,0,0,0,0,0,06013,1052,1.0
06013386000,0,0,0,0,0,0,0,0,06013,1051,1.0
06013387000,0,0,0,0,0,0,0,0,06013,1047,1.0
06013388000,0,0,0,0,0,0,0,0,06013,1048,1.0
06013389100,0,0,0,0,0,0,0,0,06013,1041,1.0
06013389200,0,0,0,0,0,0,0,0,06013,1040,1.0
06013390100,0,0,0,0,0,0,0,0,06013,1046,1.0
06013390200,0,0,0,0,0,0,0,0,06013,1042,1.0
06013391000,0,0,0,0,0,0,0,0,06013,1043,1.0
06013392000,0,0,0,0,0,0,0,0,06013,1044,1.0
06013392201,0,0,0,0,0,0,0,0,06013,1069,1.0
06013392202,0,0,0,0,0,0,0,0,06013,1081,1.0
06013392300,0,0,0,0,0,0,0,0,06013,,
06013980000,0,0,0,0,0,0,0,0,06013,,
06013990000,0,0,0,0,0,0,0,0,06013,,
06041101100,0,0,0,0,0,0,0,0,06041,1404,1.0
06041101200,0,0,0,0,0,0,0,0,06041,1405,1.0
06041102100,0,0,0,0,0,0,0,0,06041,1413,1.0
06041102202,0,0,0,0,0,0,0,0,06041,1412,1.0
06041102203,0,0,0,0,0,0,0,0,06041,,
06041103100,0,0,0,0,0,0,0,0,06041,1414,1.0
06041103200,0,0,0,0,0,0,0,0,06041,1411,1.0
06041104102,0,0,0,0,0,0,0,0,06041,1410,1.0
06041104103,0,0,0,0,0,0,0,0,06041,1409,1.0
06041104104,0,0,0,0,0,0,0,0,06041,,
06041104200,0,0,0,0,0,0,0,0,06041,1408,1.0
06041104300,0,0,0,0,0,0,0,0,06041,1406,1.0
06041105001,0,0,0,0,0,0,0,0,06041,,
06041105002,0,0,0,0,0,0,0,0,06041,1407,1.0
06041106001,0,0,0,0,0,0,0,0,06041,1424,1.0
06041106002,0,0,0,0,0,0,0,0,06041,1425,1.0
06041107000,0,0,0,0,0,0,0,0,06041,1423,1.0
06041108100,0,0,0,0,0,0,0,0,06041,1422,1.0
06041108201,0,0,0,0,0,0,0,0,06041,,
06041108202,0,0,0,0,0,0,0,0,06041,1421,1.0
06041109001,0,0,0,0,0,0,0,0,06041,,
06041109002,0,0,0,0,0,0,0,0,06041,1431,1.0
06041110100,0,0,0,0,0,0,0,0,06041,1427,1.0
06041110200,0,0,0,0,0,0,0,0,06041,1426,1.0
06041111001,0,0,0,0,0,0,0,0,06041,,
06041111002,0,0,0,0,0,0,0,0,06041,1430,1.0
06041112100,0,0,0,0,0,0,0,0,06041,1429,1.0
06041112202,0,0,0,0,0,0,0,0,06041,1428,1.0
06041112203,0,0,0,0,0,0,0,0,06041,,
06041112204,0,0,0,0,0,0,0,0,06041,,
06041113000,0,0,0,0,0,0,0,0,06041,1418,1.0
06041114100,0,0,0,0,0,0,0,0,06041,1434,1.0
06041114200,0,0,0,0,0,0,0,0,06041,1419,1.0
06041115000,0,0,0,0,0,0,0,0,06041,1420,1.0
06041116000,0,0,0,0,0,0,0,0,06041,1433,1.0
06041117000,0,0,0,0,0,0,0,0,06041,1432,1.0
06041118100,0,0,0,0,0,0,0,0,06041,1435,1.0
06041119100,0,0,0,0,0,0,0,0,06041,1436,1.0
06041119201,0,0,0,0,0,0,0,0,06041,,
06041119202,0,0,0,0,0,0,0,0,06041,1437,1.0
06041120001,0,0,0,0,0,0,0,0,06041,,
06041120002,0,0,0,0,0,0,0,0,06041,1440,1.0
06041121100,0,0,0,0,0,0,0,0,06041,1441,1.0
06041121200,0,0,0,0,0,0,0,0,06041,1438,1.0
06041122000,0,0,0,0,0,0,0,0,06041,1439,1.0
06041123000,0,0,0,0,0,0,0,0,06041,1447,1.0
06041124100,0,0,0,0,0,0,0,0,06041,1445,1.0
06041124200,0,0,0,0,0,0,0,0,06041,1446,1.0
06041125000,0,0,0,0,0,0,0,0,06041,1444,1.0
06041126100,0,0,0,0,0,0,0,0,06041,1442,1.0
06041126200,0,0,0,0,0,0,0,0,06041,1443,1.0
06041127000,0,0,0,0,0,0,0,0,06041,1452,1.0
06041128100,0,0,0,0,0,0,0,0,06041,1450,1.0
06041128200,0,0,0,0,0,0,0,0,06041,1451,1.0
06041129000,0,0,0,0,0,0,0,0,06041,1449,1.0
06041130201,0,0,0,0,0,0,0,0,06041,,
06041130203,0,0,0,0,0,0,0,0,06041,,
06041130204,0,0,0,0,0,0,0,0,06041,1448,1.0
06041131100,0,0,0,0,0,0,0,0,06041,1417,0.500051219948011
06041131100,0,0,0,0,0,0,0,0,06041,1453,0.49994878005198895
06041132100,0,0,0,0,0,0,0,0,06041,1454,1.0
06041132200,0,0,0,0,0,0,0,0,06041,1416,1.0
06041133000,0,0,0,0,0,0,0,0,06041,1415,1.0
06041990100,0,0,0,0,0,0,0,0,06041,,
06055200201,0,0,0,0,0,0,0,0,06055,1301,1.0
06055200202,0,0,0,0,0,0,0,0,06055,1299,1.0
06055200203,0,0,0,0,0,0,0,0,06055,1300,1.0
06055200301,0,0,0,0,0,0,0,0,06055,1295,1.0
06055200302,0,0,0,0,0,0,0,0,06055,,
06055200400,0,0,0,0,0,0,0,0,06055,1296,1.0
06055200501,0,0,0,0,0,0,0,0,06055,1305,1.0
06055200503,0,0,0,0,0,0,0,0,06055,1298,1.0
06055200504,0,0,0,0,0,0,0,0,06055,1297,1.0
06055200505,0,0,0,0,0,0,0,0,06055,,
06055200601,0,0,0,0,0,0,0,0,06055,,
06055200602,0,0,0,0,0,0,0,0,06055,1306,1.0
06055200703,0,0,0,0,0,0,0,0,06055,1303,1.0
06055200704,0,0,0,0,0,0,0,0,06055,1304,1.0
06055200705,0,0,0,0,0,0,0,0,06055,,
06055200706,0,0,0,0,0,0,0,0,06055,1307,1.0
06055200707,0,0,0,0,0,0,0,0,06055,,
06055200802,0,0,0,0,0,0,0,0,06055,1293,1.0
06055200803,0,0,0,0,0,0,0,0,06055,1302,1.0
06055200804,0,0,0,0,0,0,0,0,06055,,
06055200900,0,0,0,0,0,0,0,0,06055,1294,1.0
06055201003,0,0,0,0,0,0,0,0,06055,1291,1.0
06055201004,0,0,0,0,0,0,0,0,06055,,
06055201005,0,0,0,0,0,0,0,0,06055,1292,1.0
06055201006,0,0,0,0,0,0,0,0,06055,,
06055201007,0,0,0,0,0,0,0,0,06055,,
06055201101,0,0,0,0,0,0,0,0,06055,,
06055201102,0,0,0,0,0,0,0,0,06055,1308,1.0
06055201200,0,0,0,0,0,0,0,0,06055,1309,1.0
06055201300,0,0,0,0,0,0,0,0,06055,1310,1.0
06055201401,0,0,0,0,0,0,0,0,06055,,
06055201402,0,0,0,0,0,0,0,0,06055,,
06055201403,0,0,0,0,0,0,0,0,06055,1311,1.0
06055201500,0,0,0,0,0,0,0,0,06055,1315,1.0
06055201601,0,0,0,0,0,0,0,0,06055,1314,1.0
06055201602,0,0,0,0,0,0,0,0,06055,,
06055201700,0,0,0,0,0,0,0,0,06055,1313,1.0
06055201800,0,0,0,0,0,0,0,0,06055,1312,1.0
06055201900,0,0,0,0,0,0,0,0,06055,1316,1.0
06055202000,0,0,0,0,0,0,0,0,06055,1317,1.0
06075010101,0,0,0,0,0,0,0,0,06075,41,1.0
06075010102,0,0,0,0,0,0,0,0,06075,,
06075010201,0,0,0,0,0,0,0,0,06075,,
06075010202,0,0,0,0,0,0,0,0,06075,40,1.0
06075010300,0,0,0,0,0,0,0,0,06075,39,1.0
06075010401,0,0,0,0,0,0,0,0,06075,,
06075010402,0,0,0,0,0,0,0,0,06075,38,1.0
06075010500,0,0,0,0,0,0,0,0,06075,22,0.49935004120044074
06075010500,0,0,0,0,0,0,0,0,06075,23,0.5006499587995592
06075010600,0,0,0,0,0,0,0,0,06075,37,1.0
06075010701,0,0,0,0,0,0,0,0,06075,36,1.0
06075010702,0,0,0,0,0,0,0,0,06075,,
06075010800,0,0,0,0,0,0,0,0,06075,35,1.0
06075010901,0,0,0,0,0,0,0,0,06075,34,1.0
06075010902,0,0,0,0,0,0,0,0,06075,,
06075011001,0,0,0,0,0,0,0,0,06075,,
06075011002,0,0,0,0,0,0,0,0,06075,33,1.0
06075011101,0,0,0,0,0,0,0,0,06075,32,1.0
06075011102,0,0,0,0,0,0,0,0,06075,,
06075011200,0,0,0,0,0,0,0,0,06075,28,1.0
06075011300,0,0,0,0,0,0,0,0,06075,27,1.0
06075011700,0,0,0,0,0,0,0,0,06075,1,0.1976128016522056
06075011700,0,0,0,0,0,0,0,0,06075,2,0.20449048171991294
06075011700,0,0,0,0,0,0,0,0,06075,3,0.2027126838676606
06075011700,0,0,0,0,0,0,0,0,06075,4,0.19831121500727533
06075011700,0,0,0,0,0,0,0,0,06075,5,0.1968728177529454
06075011800,0,0,0,0,0,0,0,0,06075,26,1.0
06075011901,0,0,0,0,0,0,0,0,06075,,
06075011902,0,0,0,0,0,0,0,0,06075,29,1.0
06075012001,0,0,0,0,0,0,0,0,06075,31,1.0
06075012002,0,0,0,0,0,0,0,0,06075,,
06075012100,0,0,0,0,0,0,0,0,06075,6,1.0
06075012202,0,0,0,0,0,0,0,0,06075,30,1.0
06075012203,0,0,0,0,0,0,0,0,06075,,
06075012204,0,0,0,0,0,0,0,0,06075,,
06075012301,0,0,0,0,0,0,0,0,06075,,
06075012302,0,0,0,0,0,0,0,0,06075,7,1.0
06075012403,0,0,0,0,0,0,0,0,06075,,
06075012404,0,0,0,0,0,0,0,0,06075,,
06075012405,0,0,0,0,0,0,0,0,06075,9,1.0
06075012406,0,0,0,0,0,0,0,0,06075,,
06075012502,0,0,0,0,0,0,0,0,06075,,
06075012503,0,0,0,0,0,0,0,0,06075,8,1.0
06075012504,0,0,0,0,0,0,0,0,06075,,
06075012601,0,0,0,0,0,0,0,0,06075,,
06075012602,0,0,0,0,0,0,0,0,06075,43,1.0
06075012700,0,0,0,0,0,0,0,0,06075,51,1.0
06075012801,0,0,0,0,0,0,0,0,06075,50,1.0
06075012802,0,0,0,0,0,0,0,0,06075,,
06075012901,0,0,0,0,0,0,0,0,06075,,
06075012902,0,0,0,0,0,0,0,0,06075,44,1.0
06075013001,0,0,0,0,0,0,0,0,06075,,
06075013002,0,0,0,0,0,0,0,0,06075,45,1.0
06075013101,0,0,0,0,0,0,0,0,06075,,
06075013102,0,0,0,0,0,0,0,0,06075,46,1.0
06075013200,0,0,0,0,0,0,0,0,06075,49,1.0
06075013300,0,0,0,0,0,0,0,0,06075,71,1.0
06075013401,0,0,0,0,0,0,0,0,06075,48,1.0
06075013402,0,0,0,0,0,0,0,0,06075,,
06075013500,0,0,0,0,0,0,0,0,06075,47,1.0
06075015100,0,0,0,0,0,0,0,0,06075,75,1.0
06075015201,0,0,0,0,0,0,0,0,06075,,
06075015202,0,0,0,0,0,0,0,0,06075,73,1.0
06075015300,0,0,0,0,0,0,0,0,06075,72,1.0
06075015401,0,0,0,0,0,0,0,0,06075,70,1.0
06075015402,0,0,0,0,0,0,0,0,06075,,
06075015500,0,0,0,0,0,0,0,0,06075,74,1.0
06075015600,0,0,0,0,0,0,0,0,06075,68,1.0
06075015701,0,0,0,0,0,0,0,0,06075,69,1.0
06075015702,0,0,0,0,0,0,0,0,06075,,
06075015801,0,0,0,0,0,0,0,0,06075,86,1.0
06075015802,0,0,0,0,0,0,0,0,06075,,
06075015900,0,0,0,0,0,0,0,0,06075,77,1.0
06075016000,0,0,0,0,0,0,0,0,06075,76,1.0
06075016101,0,0,0,0,0,0,0,0,06075,,
06075016102,0,0,0,0,0,0,0,0,06075,78,1.0
06075016200,0,0,0,0,0,0,0,0,06075,79,1.0
06075016300,0,0,0,0,0,0,0,0,06075,80,1.0
06075016400,0,0,0,0,0,0,0,0,06075,85,1.0
06075016500,0,0,0,0,0,0,0,0,06075,87,1.0
06075016601,0,0,0,0,0,0,0,0,06075,88,1.0
06075016602,0,0,0,0,0,0,0,0,06075,,
06075016700,0,0,0,0,0,0,0,0,06075,84,1.0
06075016801,0,0,0,0,0,0,0,0,06075,81,1.0
06075016802,0,0,0,0,0,0,0,0,06075,,
06075016900,0,0,0,0,0,0,0,0,06075,82,1.0
06075017000,0,0,0,0,0,0,0,0,06075,83,1.0
06075017101,0,0,0,0,0,0,0,0,06075,89,1.0
06075017102,0,0,0,0,0,0,0,0,06075,,
06075017602,0,0,0,0,0,0,0,0,06075,11,1.0
06075017603,0,0,0,0,0,0,0,0,06075,10,1.0
06075017604,0,0,0,0,0,0,0,0,06075,,
06075017700,0,0,0,0,0,0,0,0,06075,107,1.0
06075017801,0,0,0,0,0,0,0,0,06075,21,1.0
06075017803,0,0,0,0,0,0,0,0,06075,,
06075017804,0,0,0,0,0,0,0,0,06075,20,1.0
06075017903,0,0,0,0,0,0,0,0,06075,42,1.0
06075018000,0,0,0,0,0,0,0,0,06075,18,0.49827628807566454
06075018000,0,0,0,0,0,0,0,0,06075,19,0.5017237119243354
06075020101,0,0,0,0,0,0,0,0,06075,106,1.0
06075020102,0,0,0,0,0,0,0,0,06075,,
06075020201,0,0,0,0,0,0,0,0,06075,,
06075020202,0,0,0,0,0,0,0,0,06075,105,1.0
06075020300,0,0,0,0,0,0,0,0,06075,104,1.0
06075020401,0,0,0,0,0,0,0,0,06075,,
06075020402,0,0,0,0,0,0,0,0,06075,93,1.0
06075020500,0,0,0,0,0,0,0,0,06075,94,1.0
06075020601,0,0,0,0,0,0,0,0,06075,103,1.0
06075020602,0,0,0,0,0,0,0,0,06075,,
06075020701,0,0,0,0,0,0,0,0,06075,102,1.0
06075020702,0,0,0,0,0,0,0,0,06075,,
06075020801,0,0,0,0,0,0,0,0,06075,101,1.0
06075020802,0,0,0,0,0,0,0,0,06075,,
06075020900,0,0,0,0,0,0,0,0,06075,100,1.0
06075021000,0,0,0,0,0,0,0,0,06075,99,1.0
06075021100,0,0,0,0,0,0,0,0,06075,98,1.0
06075021200,0,0,0,0,0,0,0,0,06075,95,1.0
06075021300,0,0,0,0,0,0,0,0,06075,96,1.0
06075021400,0,0,0,0,0,0,0,0,06075,97,1.0
06075021500,0,0,0,0,0,0,0,0,06075,128,1.0
06075021600,0,0,0,0,0,0,0,0,06075,129,1.0
06075021700,0,0,0,0,0,0,0,0,06075,130,1.0
06075021800,0,0,0,0,0,0,0,0,06075,127,1.0
06075022600,0,0,0,0,0,0,0,0,06075,111,1.0
06075022702,0,0,0,0,0,0,0,0,06075,112,1.0
06075022704,0,0,0,0,0,0,0,0,06075,114,1.0
06075022801,0,0,0,0,0,0,0,0,06075,116,1.0
06075022802,0,0,0,0,0,0,0,0,06075,115,1.0
06075022803,0,0,0,0,0,0,0,0,06075,117,1.0
06075022901,0,0,0,0,0,0,0,0,06075,118,1.0
06075022902,0,0,0,0,0,0,0,0,06075,119,1.0
06075022903,0,0,0,0,0,0,0,0,06075,120,1.0
06075023001,0,0,0,0,0,0,0,0,06075,139,1.0
06075023003,0,0,0,0,0,0,0,0,06075,140,1.0
06075023102,0,0,0,0,0,0,0,0,06075,144,1.0
06075023103,0,0,0,0,0,0,0,0,06075,145,1.0
06075023200,0,0,0,0,0,0,0,0,06075,147,1.0
06075023300,0,0,0,0,0,0,0,0,06075,150,1.0
06075023400,0,0,0,0,0,0,0,0,06075,148,1.0
06075025100,0,0,0,0,0,0,0,0,06075,121,1.0
06075025200,0,0,0,0,0,0,0,0,06075,122,1.0
06075025300,0,0,0,0,0,0,0,0,06075,123,1.0
06075025401,0,0,0,0,0,0,0,0,06075,124,1.0
06075025402,0,0,0,0,0,0,0,0,06075,125,1.0
06075025403,0,0,0,0,0,0,0,0,06075,126,1.0
06075025501,0,0,0,0,0,0,0,0,06075,,
06075025502,0,0,0,0,0,0,0,0,06075,134,1.0
06075025600,0,0,0,0,0,0,0,0,06075,137,1.0
06075025701,0,0,0,0,0,0,0,0,06075,138,1.0
06075025702,0,0,0,0,0,0,0,0,06075,,
06075025800,0,0,0,0,0,0,0,0,06075,151,1.0
06075025900,0,0,0,0,0,0,0,0,06075,152,1.0
06075026001,0,0,0,0,0,0,0,0,06075,135,1.0
06075026002,0,0,0,0,0,0,0,0,06075,136,1.0
06075026003,0,0,0,0,0,0,0,0,06075,160,1.0
06075026004,0,0,0,0,0,0,0,0,06075,161,1.0
06075026100,0,0,0,0,0,0,0,0,06075,165,1.0
06075026201,0,0,0,0,0,0,0,0,06075,164,1.0
06075026202,0,0,0,0,0,0,0,0,06075,,
06075026301,0,0,0,0,0,0,0,0,06075,162,1.0
06075026302,0,0,0,0,0,0,0,0,06075,159,1.0
06075026303,0,0,0,0,0,0,0,0,06075,163,1.0
06075026401,0,0,0,0,0,0,0,0,06075,155,1.0
06075026402,0,0,0,0,0,0,0,0,06075,153,1.0
06075026403,0,0,0,0,0,0,0,0,06075,154,1.0
06075026404,0,0,0,0,0,0,0,0,06075,156,1.0
06075030101,0,0,0,0,0,0,0,0,06075,90,1.0
06075030102,0,0,0,0,0,0,0,0,06075,91,1.0
06075030201,0,0,0,0,0,0,0,0,06075,176,1.0
06075030202,0,0,0,0,0,0,0,0,06075,175,1.0
06075030301,0,0,0,0,0,0,0,0,06075,174,1.0
06075030302,0,0,0,0,0,0,0,0,06075,173,1.0
06075030400,0,0,0,0,0,0,0,0,06075,172,1.0
06075030500,0,0,0,0,0,0,0,0,06075,92,1.0
06075030600,0,0,0,0,0,0,0,0,06075,171,1.0
06075030700,0,0,0,0,0,0,0,0,06075,131,1.0
06075030800,0,0,0,0,0,0,0,0,06075,170,1.0
06075030900,0,0,0,0,0,0,0,0,06075,169,1.0
06075031000,0,0,0,0,0,0,0,0,06075,132,1.0
06075031100,0,0,0,0,0,0,0,0,06075,133,1.0
06075031201,0,0,0,0,0,0,0,0,06075,166,1.0
06075031202,0,0,0,0,0,0,0,0,06075,,
06075031301,0,0,0,0,0,0,0,0,06075,,
06075031302,0,0,0,0,0,0,0,0,06075,168,1.0
06075031401,0,0,0,0,0,0,0,0,06075,,
06075031402,0,0,0,0,0,0,0,0,06075,167,1.0
06075032601,0,0,0,0,0,0,0,0,06075,,
06075032602,0,0,0,0,0,0,0,0,06075,177,1.0
06075032700,0,0,0,0,0,0,0,0,06075,178,1.0
06075032801,0,0,0,0,0,0,0,0,06075,,
06075032802,0,0,0,0,0,0,0,0,06075,185,1.0
06075032901,0,0,0,0,0,0,0,0,06075,184,1.0
06075032902,0,0,0,0,0,0,0,0,06075,,
06075033001,0,0,0,0,0,0,0,0,06075,,
06075033002,0,0,0,0,0,0,0,0,06075,186,1.0
06075033100,0,0,0,0,0,0,0,0,06075,187,1.0
06075033201,0,0,0,0,0,0,0,0,06075,188,1.0
06075033203,0,0,0,0,0,0,0,0,06075,189,1.0
06075033204,0,0,0,0,0,0,0,0,06075,,
06075035101,0,0,0,0,0,0,0,0,06075,,
06075035102,0,0,0,0,0,0,0,0,06075,179,1.0
06075035201,0,0,0,0,0,0,0,0,06075,181,1.0
06075035202,0,0,0,0,0,0,0,0,06075,180,1.0
06075035300,0,0,0,0,0,0,0,0,06075,183,1.0
06075035400,0,0,0,0,0,0,0,0,06075,182,1.0
06075040100,0,0,0,0,0,0,0,0,06075,66,1.0
06075040200,0,0,0,0,0,0,0,0,06075,65,1.0
06075042601,0,0,0,0,0,0,0,0,06075,,
06075042602,0,0,0,0,0,0,0,0,06075,62,1.0
06075042700,0,0,0,0,0,0,0,0,06075,58,1.0
06075042800,0,0,0,0,0,0,0,0,06075,57,1.0
06075045100,0,0,0,0,0,0,0,0,06075,67,1.0
06075045201,0,0,0,0,0,0,0,0,06075,64,1.0
06075045202,0,0,0,0,0,0,0,0,06075,,
06075047600,0,0,0,0,0,0,0,0,06075,63,1.0
06075047701,0,0,0,0,0,0,0,0,06075,61,1.0
06075047702,0,0,0,0,0,0,0,0,06075,60,1.0
06075047801,0,0,0,0,0,0,0,0,06075,59,1.0
06075047802,0,0,0,0,0,0,0,0,06075,,
06075047902,0,0,0,0,0,0,0,0,06075,55,1.0
06075047903,0,0,0,0,0,0,0,0,06075,,
06075047904,0,0,0,0,0,0,0,0,06075,54,1.0
06075060100,0,0,0,0,0,0,0,0,06075,52,1.0
06075060400,0,0,0,0,0,0,0,0,06075,190,1.0
06075060502,0,0,0,0,0,0,0,0,06075,157,1.0
06075060701,0,0,0,0,0,0,0,0,06075,109,0.33018322926538607
06075060701,0,0,0,0,0,0,0,0,06075,110,0.6698167707346139
06075060702,0,0,0,0,0,0,0,0,06075,108,1.0
06075060703,0,0,0,0,0,0,0,0,06075,,
06075061000,0,0,0,0,0,0,0,0,06075,149,1.0
06075061101,0,0,0,0,0,0,0,0,06075,25,0.3418436017221442
06075061101,0,0,0,0,0,0,0,0,06075,24,0.6581563982778559
06075061102,0,0,0,0,0,0,0,0,06075,,
06075061200,0,0,0,0,0,0,0,0,06075,141,0.4904383304449878
06075061200,0,0,0,0,0,0,0,0,06075,143,0.5095616695550123
06075061401,0,0,0,0,0,0,0,0,06075,,
06075061402,0,0,0,0,0,0,0,0,06075,113,1.0
06075061501,0,0,0,0,0,0,0,0,06075,12,0.3747828517600507
06075061501,0,0,0,0,0,0,0,0,06075,13,0.3787758743002051
06075061501,0,0,0,0,0,0,0,0,06075,14,0.24644127393974424
06075061502,0,0,0,0,0,0,0,0,06075,,
06075061503,0,0,0,0,0,0,0,0,06075,16,1.0
06075061504,0,0,0,0,0,0,0,0,06075,,
06075061505,0,0,0,0,0,0,0,0,06075,,
06075061506,0,0,0,0,0,0,0,0,06075,,
06075061507,0,0,0,0,0,0,0,0,06075,15,1.0
06075061508,0,0,0,0,0,0,0,0,06075,17,1.0
06075980200,0,0,0,0,0,0,0,0,06075,56,1.0
06075980300,0,0,0,0,0,0,0,0,06075,53,1.0
06075980401,0,0,0,0,0,0,0,0,06075,,
06075980501,0,0,0,0,0,0,0,0,06075,158,1.0
06075980600,0,0,0,0,0,0,0,0,06075,146,1.0
06075980900,0,0,0,0,0,0,0,0,06075,142,1.0
06075990100,0,0,0,0,0,0,0,0,06075,,
06075990200,0,0,0,0,0,0,0,0,06075,,
06081600100,0,0,0,0,0,0,0,0,06081,208,1.0
06081600200,0,0,0,0,0,0,0,0,06081,207,1.0
06081600300,0,0,0,0,0,0,0,0,06081,206,1.0
06081600401,0,0,0,0,0,0,0,0,06081,205,1.0
06081600402,0,0,0,0,0,0,0,0,06081,,
06081600501,0,0,0,0,0,0,0,0,06081,,
06081600502,0,0,0,0,0,0,0,0,06081,202,1.0
06081600600,0,0,0,0,0,0,0,0,06081,203,1.0
06081600701,0,0,0,0,0,0,0,0,06081,204,1.0
06081600702,0,0,0,0,0,0,0,0,06081,,
06081600800,0,0,0,0,0,0,0,0,06081,192,1.0
06081600900,0,0,0,0,0,0,0,0,06081,191,1.0
06081601000,0,0,0,0,0,0,0,0,06081,196,1.0
06081601100,0,0,0,0,0,0,0,0,06081,195,1.0
06081601200,0,0,0,0,0,0,0,0,06081,193,1.0
06081601301,0,0,0,0,0,0,0,0,06081,,
06081601302,0,0,0,0,0,0,0,0,06081,201,1.0
06081601400,0,0,0,0,0,0,0,0,06081,194,1.0
06081601501,0,0,0,0,0,0,0,0,06081,197,1.0
06081601502,0,0,0,0,0,0,0,0,06081,198,1.0
06081601601,0,0,0,0,0,0,0,0,06081,200,1.0
06081601603,0,0,0,0,0,0,0,0,06081,218,1.0
06081601604,0,0,0,0,0,0,0,0,06081,199,1.0
06081601605,0,0,0,0,0,0,0,0,06081,219,1.0
06081601700,0,0,0,0,0,0,0,0,06081,217,1.0
06081601800,0,0,0,0,0,0,0,0,06081,214,1.0
06081601901,0,0,0,0,0,0,0,0,06081,,
06081601902,0,0,0,0,0,0,0,0,06081,215,0.47070777188308893
06081601902,0,0,0,0,0,0,0,0,06081,216,0.5292922281169111
06081602001,0,0,0,0,0,0,0,0,06081,,
06081602002,0,0,0,0,0,0,0,0,06081,209,1.0
06081602100,0,0,0,0,0,0,0,0,06081,210,1.0
06081602201,0,0,0,0,0,0,0,0,06081,211,1.0
06081602202,0,0,0,0,0,0,0,0,06081,,
06081602300,0,0,0,0,0,0,0,0,06081,212,1.0
06081602400,0,0,0,0,0,0,0,0,06081,213,1.0
06081602500,0,0,0,0,0,0,0,0,06081,231,1.0
06081602601,0,0,0,0,0,0,0,0,06081,230,1.0
06081602602,0,0,0,0,0,0,0,0,06081,,
06081602700,0,0,0,0,0,0,0,0,06081,220,1.0
06081602800,0,0,0,0,0,0,0,0,06081,221,1.0
06081602900,0,0,0,0,0,0,0,0,06081,222,1.0
06081603000,0,0,0,0,0,0,0,0,06081,223,1.0
06081603100,0,0,0,0,0,0,0,0,06081,224,1.0
06081603200,0,0,0,0,0,0,0,0,06081,225,1.0
06081603300,0,0,0,0,0,0,0,0,06081,226,1.0
06081603400,0,0,0,0,0,0,0,0,06081,227,1.0
06081603700,0,0,0,0,0,0,0,0,06081,232,1.0
06081603801,0,0,0,0,0,0,0,0,06081,,
06081603802,0,0,0,0,0,0,0,0,06081,233,1.0
06081603900,0,0,0,0,0,0,0,0,06081,236,1.0
06081604000,0,0,0,0,0,0,0,0,06081,235,1.0
06081604102,0,0,0,0,0,0,0,0,06081,234,1.0
06081604103,0,0,0,0,0,0,0,0,06081,237,1.0
06081604104,0,0,0,0,0,0,0,0,06081,,
06081604200,0,0,0,0,0,0,0,0,06081,238,1.0
06081604400,0,0,0,0,0,0,0,0,06081,240,1.0
06081604500,0,0,0,0,0,0,0,0,06081,241,1.0
06081604600,0,0,0,0,0,0,0,0,06081,242,1.0
06081604700,0,0,0,0,0,0,0,0,06081,243,1.0
06081604800,0,0,0,0,0,0,0,0,06081,244,1.0
06081604900,0,0,0,0,0,0,0,0,06081,245,1.0
06081605000,0,0,0,0,0,0,0,0,06081,246,1.0
06081605100,0,0,0,0,0,0,0,0,06081,248,1.0
06081605200,0,0,0,0,0,0,0,0,06081,247,1.0
06081605300,0,0,0,0,0,0,0,0,06081,250,1.0
06081605400,0,0,0,0,0,0,0,0,06081,249,1.0
06081605501,0,0,0,0,0,0,0,0,06081,,
06081605502,0,0,0,0,0,0,0,0,06081,251,1.0
06081605600,0,0,0,0,0,0,0,0,06081,252,1.0
06081605700,0,0,0,0,0,0,0,0,06081,254,1.0
06081605800,0,0,0,0,0,0,0,0,06081,253,1.0
06081605901,0,0,0,0,0,0,0,0,06081,258,1.0
06081605902,0,0,0,0,0,0,0,0,06081,,
06081606000,0,0,0,0,0,0,0,0,06081,259,1.0
06081606100,0,0,0,0,0,0,0,0,06081,261,1.0
06081606201,0,0,0,0,0,0,0,0,06081,260,1.0
06081606202,0,0,0,0,0,0,0,0,06081,,
06081606300,0,0,0,0,0,0,0,0,06081,257,1.0
06081606400,0,0,0,0,0,0,0,0,06081,256,1.0
06081606500,0,0,0,0,0,0,0,0,06081,255,1.0
06081606600,0,0,0,0,0,0,0,0,06081,280,1.0
06081606700,0,0,0,0,0,0,0,0,06081,282,1.0
06081606800,0,0,0,0,0,0,0,0,06081,291,1.0
06081606900,0,0,0,0,0,0,0,0,06081,292,1.0
06081607000,0,0,0,0,0,0,0,0,06081,290,1.0
06081607100,0,0,0,0,0,0,0,0,06081,285,1.0
06081607200,0,0,0,0,0,0,0,0,06081,284,1.0
06081607300,0,0,0,0,0,0,0,0,06081,283,1.0
06081607400,0,0,0,0,0,0,0,0,06081,281,1.0
06081607500,0,0,0,0,0,0,0,0,06081,278,1.0
06081607600,0,0,0,0,0,0,0,0,06081,279,1.0
06081607701,0,0,0,0,0,0,0,0,06081,262,1.0
06081607702,0,0,0,0,0,0,0,0,06081,263,1.0
06081607800,0,0,0,0,0,0,0,0,06081,264,1.0
06081607900,0,0,0,0,0,0,0,0,06081,265,1.0
06081608001,0,0,0,0,0,0,0,0,06081,270,1.0
06081608002,0,0,0,0,0,0,0,0,06081,271,1.0
06081608013,0,0,0,0,0,0,0,0,06081,273,1.0
06081608023,0,0,0,0,0,0,0,0,06081,272,1.0
06081608024,0,0,0,0,0,0,0,0,06081,,
06081608025,0,0,0,0,0,0,0,0,06081,266,1.0
06081608100,0,0,0,0,0,0,0,0,06081,268,1.0
06081608200,0,0,0,0,0,0,0,0,06081,267,1.0
06081608300,0,0,0,0,0,0,0,0,06081,269,1.0
06081608400,0,0,0,0,0,0,0,0,06081,274,1.0
06081608501,0,0,0,0,0,0,0,0,06081,277,1.0
06081608502,0,0,0,0,0,0,0,0,06081,276,1.0
06081608600,0,0,0,0,0,0,0,0,06081,275,1.0
06081608700,0,0,0,0,0,0,0,0,06081,286,1.0
06081608800,0,0,0,0,0,0,0,0,06081,289,1.0
06081608900,0,0,0,0,0,0,0,0,06081,288,1.0
06081609000,0,0,0,0,0,0,0,0,06081,287,1.0
06081609100,0,0,0,0,0,0,0,0,06081,310,1.0
06081609201,0,0,0,0,0,0,0,0,06081,309,1.0
06081609202,0,0,0,0,0,0,0,0,06081,,
06081609300,0,0,0,0,0,0,0,0,06081,318,1.0
06081609400,0,0,0,0,0,0,0,0,06081,308,1.0
06081609500,0,0,0,0,0,0,0,0,06081,307,1.0
06081609601,0,0,0,0,0,0,0,0,06081,306,1.0
06081609602,0,0,0,0,0,0,0,0,06081,305,1.0
06081609603,0,0,0,0,0,0,0,0,06081,304,1.0
06081609700,0,0,0,0,0,0,0,0,06081,302,1.0
06081609800,0,0,0,0,0,0,0,0,06081,303,1.0
06081609900,0,0,0,0,0,0,0,0,06081,319,1.0
06081610000,0,0,0,0,0,0,0,0,06081,317,1.0
06081610100,0,0,0,0,0,0,0,0,06081,316,1.0
06081610201,0,0,0,0,0,0,0,0,06081,314,1.0
06081610202,0,0,0,0,0,0,0,0,06081,315,1.0
06081610203,0,0,0,0,0,0,0,0,06081,326,1.0
06081610302,0,0,0,0,0,0,0,0,06081,313,1.0
06081610303,0,0,0,0,0,0,0,0,06081,312,1.0
06081610304,0,0,0,0,0,0,0,0,06081,311,1.0
06081610400,0,0,0,0,0,0,0,0,06081,330,1.0
06081610500,0,0,0,0,0,0,0,0,06081,329,1.0
06081610601,0,0,0,0,0,0,0,0,06081,327,1.0
06081610602,0,0,0,0,0,0,0,0,06081,328,1.0
06081610700,0,0,0,0,0,0,0,0,06081,323,1.0
06081610800,0,0,0,0,0,0,0,0,06081,324,1.0
06081610901,0,0,0,0,0,0,0,0,06081,,
06081610902,0,0,0,0,0,0,0,0,06081,325,1.0
06081611000,0,0,0,0,0,0,0,0,06081,320,1.0
06081611100,0,0,0,0,0,0,0,0,06081,301,1.0
06081611200,0,0,0,0,0,0,0,0,06081,321,1.0
06081611300,0,0,0,0,0,0,0,0,06081,322,1.0
06081611400,0,0,0,0,0,0,0,0,06081,342,1.0
06081611500,0,0,0,0,0,0,0,0,06081,339,1.0
06081611600,0,0,0,0,0,0,0,0,06081,338,1.0
06081611700,0,0,0,0,0,0,0,0,06081,331,1.0
06081611800,0,0,0,0,0,0,0,0,06081,332,1.0
06081611901,0,0,0,0,0,0,0,0,06081,,
06081611902,0,0,0,0,0,0,0,0,06081,333,1.0
06081612001,0,0,0,0,0,0,0,0,06081,334,1.0
06081612002,0,0,0,0,0,0,0,0,06081,,
06081612101,0,0,0,0,0,0,0,0,06081,335,1.0
06081612102,0,0,0,0,0,0,0,0,06081,,
06081612500,0,0,0,0,0,0,0,0,06081,340,1.0
06081612600,0,0,0,0,0,0,0,0,06081,341,1.0
06081612700,0,0,0,0,0,0,0,0,06081,343,1.0
06081612800,0,0,0,0,0,0,0,0,06081,344,1.0
06081612900,0,0,0,0,0,0,0,0,06081,345,1.0
06081613000,0,0,0,0,0,0,0,0,06081,346,1.0
06081613200,0,0,0,0,0,0,0,0,06081,298,1.0
06081613300,0,0,0,0,0,0,0,0,06081,300,1.0
06081613400,0,0,0,0,0,0,0,0,06081,299,1.0
06081613501,0,0,0,0,0,0,0,0,06081,295,1.0
06081613502,0,0,0,0,0,0,0,0,06081,294,1.0
06081613600,0,0,0,0,0,0,0,0,06081,293,1.0
06081613701,0,0,0,0,0,0,0,0,06081,,
06081613702,0,0,0,0,0,0,0,0,06081,296,1.0
06081613800,0,0,0,0,0,0,0,0,06081,297,1.0
06081613900,0,0,0,0,0,0,0,0,06081,336,0.4969357833925529
06081613900,0,0,0,0,0,0,0,0,06081,337,0.503064216607447
06081614000,0,0,0,0,0,0,0,0,06081,228,0.5030575491802804
06081614000,0,0,0,0,0,0,0,0,06081,229,0.49694245081971955
06081984300,0,0,0,0,0,0,0,0,06081,239,1.0
06081990100,0,0,0,0,0,0,0,0,06081,,
06085500100,0,0,0,0,0,0,0,0,06085,547,1.0
06085500200,0,0,0,0,0,0,0,0,06085,546,1.0
06085500300,0,0,0,0,0,0,0,0,06085,538,0.5036692942569371
06085500300,0,0,0,0,0,0,0,0,06085,539,0.4963307057430629
06085500400,0,0,0,0,0,0,0,0,06085,542,1.0
06085500500,0,0,0,0,0,0,0,0,06085,541,1.0
06085500600,0,0,0,0,0,0,0,0,06085,540,1.0
06085500800,0,0,0,0,0,0,0,0,06085,558,1.0
06085500901,0,0,0,0,0,0,0,0,06085,557,1.0
06085500902,0,0,0,0,0,0,0,0,06085,556,1.0
06085501000,0,0,0,0,0,0,0,0,06085,549,1.0
06085501101,0,0,0,0,0,0,0,0,06085,,
06085501102,0,0,0,0,0,0,0,0,06085,548,1.0
06085501200,0,0,0,0,0,0,0,0,06085,550,1.0
06085501300,0,0,0,0,0,0,0,0,06085,554,1.0
06085501401,0,0,0,0,0,0,0,0,06085,551,1.0
06085501402,0,0,0,0,0,0,0,0,06085,,
06085501501,0,0,0,0,0,0,0,0,06085,552,1.0
06085501502,0,0,0,0,0,0,0,0,06085,553,1.0
06085501601,0,0,0,0,0,0,0,0,06085,555,1.0
06085501602,0,0,0,0,0,0,0,0,06085,,
06085501700,0,0,0,0,0,0,0,0,06085,560,1.0
06085501800,0,0,0,0,0,0,0,0,06085,559,1.0
06085501901,0,0,0,0,0,0,0,0,06085,,
06085501902,0,0,0,0,0,0,0,0,06085,537,1.0
06085502001,0,0,0,0,0,0,0,0,06085,535,1.0
06085502002,0,0,0,0,0,0,0,0,06085,536,1.0
06085502101,0,0,0,0,0,0,0,0,06085,534,1.0
06085502103,0,0,0,0,0,0,0,0,06085,533,1.0
06085502104,0,0,0,0,0,0,0,0,06085,,
06085502202,0,0,0,0,0,0,0,0,06085,531,1.0
06085502203,0,0,0,0,0,0,0,0,06085,532,1.0
06085502204,0,0,0,0,0,0,0,0,06085,,
06085502301,0,0,0,0,0,0,0,0,06085,528,1.0
06085502302,0,0,0,0,0,0,0,0,06085,,
06085502400,0,0,0,0,0,0,0,0,06085,527,1.0
06085502500,0,0,0,0,0,0,0,0,06085,526,1.0
06085502601,0,0,0,0,0,0,0,0,06085,529,1.0
06085502603,0,0,0,0,0,0,0,0,06085,,
06085502604,0,0,0,0,0,0,0,0,06085,530,1.0
06085502701,0,0,0,0,0,0,0,0,06085,521,1.0
06085502703,0,0,0,0,0,0,0,0,06085,,
06085502704,0,0,0,0,0,0,0,0,06085,519,1.0
06085502800,0,0,0,0,0,0,0,0,06085,520,1.0
06085502901,0,0,0,0,0,0,0,0,06085,522,1.0
06085502902,0,0,0,0,0,0,0,0,06085,523,1.0
06085502903,0,0,0,0,0,0,0,0,06085,524,1.0
06085502906,0,0,0,0,0,0,0,0,06085,685,1.0
06085502907,0,0,0,0,0,0,0,0,06085,683,1.0
06085502908,0,0,0,0,0,0,0,0,06085,684,1.0
06085502909,0,0,0,0,0,0,0,0,06085,686,1.0
06085502910,0,0,0,0,0,0,0,0,06085,687,1.0
06085503001,0,0,0,0,0,0,0,0,06085,525,1.0
06085503002,0,0,0,0,0,0,0,0,06085,681,1.0
06085503003,0,0,0,0,0,0,0,0,06085,682,1.0
06085503105,0,0,0,0,0,0,0,0,06085,579,1.0
06085503110,0,0,0,0,0,0,0,0,06085,580,1.0
06085503111,0,0,0,0,0,0,0,0,06085,577,1.0
06085503112,0,0,0,0,0,0,0,0,06085,561,1.0
06085503113,0,0,0,0,0,0,0,0,06085,562,1.0
06085503116,0,0,0,0,0,0,0,0,06085,565,1.0
06085503117,0,0,0,0,0,0,0,0,06085,,
06085503118,0,0,0,0,0,0,0,0,06085,578,1.0
06085503121,0,0,0,0,0,0,0,0,06085,,
06085503122,0,0,0,0,0,0,0,0,06085,563,1.0
06085503123,0,0,0,0,0,0,0,0,06085,,
06085503124,0,0,0,0,0,0,0,0,06085,564,1.0
06085503125,0,0,0,0,0,0,0,0,06085,,
06085503126,0,0,0,0,0,0,0,0,06085,,
06085503127,0,0,0,0,0,0,0,0,06085,566,1.0
06085503207,0,0,0,0,0,0,0,0,06085,573,1.0
06085503208,0,0,0,0,0,0,0,0,06085,571,1.0
06085503210,0,0,0,0,0,0,0,0,06085,572,1.0
06085503211,0,0,0,0,0,0,0,0,06085,576,1.0
06085503212,0,0,0,0,0,0,0,0,06085,575,1.0
06085503213,0,0,0,0,0,0,0,0,06085,574,1.0
06085503217,0,0,0,0,0,0,0,0,06085,569,1.0
06085503218,0,0,0,0,0,0,0,0,06085,570,1.0
06085503219,0,0,0,0,0,0,0,0,06085,,
06085503220,0,0,0,0,0,0,0,0,06085,568,1.0
06085503221,0,0,0,0,0,0,0,0,06085,567,1.0
06085503222,0,0,0,0,0,0,0,0,06085,,
06085503304,0,0,0,0,0,0,0,0,06085,582,1.0
06085503305,0,0,0,0,0,0,0,0,06085,583,1.0
06085503306,0,0,0,0,0,0,0,0,06085,584,1.0
06085503312,0,0,0,0,0,0,0,0,06085,642,1.0
06085503313,0,0,0,0,0,0,0,0,06085,647,1.0
06085503315,0,0,0,0,0,0,0,0,06085,650,1.0
06085503321,0,0,0,0,0,0,0,0,06085,644,1.0
06085503322,0,0,0,0,0,0,0,0,06085,643,1.0
06085503323,0,0,0,0,0,0,0,0,06085,645,1.0
06085503324,0,0,0,0,0,0,0,0,06085,646,1.0
06085503325,0,0,0,0,0,0,0,0,06085,649,1.0
06085503326,0,0,0,0,0,0,0,0,06085,648,1.0
06085503327,0,0,0,0,0,0,0,0,06085,652,1.0
06085503329,0,0,0,0,0,0,0,0,06085,,
06085503330,0,0,0,0,0,0,0,0,06085,653,1.0
06085503331,0,0,0,0,0,0,0,0,06085,,
06085503332,0,0,0,0,0,0,0,0,06085,654,1.0
06085503333,0,0,0,0,0,0,0,0,06085,,
06085503336,0,0,0,0,0,0,0,0,06085,651,1.0
06085503337,0,0,0,0,0,0,0,0,06085,,
06085503338,0,0,0,0,0,0,0,0,06085,655,1.0
06085503339,0,0,0,0,0,0,0,0,06085,,
06085503401,0,0,0,0,0,0,0,0,06085,585,1.0
06085503402,0,0,0,0,0,0,0,0,06085,581,1.0
06085503504,0,0,0,0,0,0,0,0,06085,586,1.0
06085503506,0,0,0,0,0,0,0,0,06085,588,1.0
06085503507,0,0,0,0,0,0,0,0,06085,587,1.0
06085503508,0,0,0,0,0,0,0,0,06085,638,1.0
06085503509,0,0,0,0,0,0,0,0,06085,641,1.0
06085503510,0,0,0,0,0,0,0,0,06085,639,1.0
06085503511,0,0,0,0,0,0,0,0,06085,640,1.0
06085503601,0,0,0,0,0,0,0,0,06085,593,1.0
06085503602,0,0,0,0,0,0,0,0,06085,592,1.0
06085503703,0,0,0,0,0,0,0,0,06085,590,1.0
06085503707,0,0,0,0,0,0,0,0,06085,594,1.0
06085503708,0,0,0,0,0,0,0,0,06085,596,1.0
06085503709,0,0,0,0,0,0,0,0,06085,597,1.0
06085503710,0,0,0,0,0,0,0,0,06085,,
06085503711,0,0,0,0,0,0,0,0,06085,591,1.0
06085503712,0,0,0,0,0,0,0,0,06085,595,1.0
06085503713,0,0,0,0,0,0,0,0,06085,,
06085503802,0,0,0,0,0,0,0,0,06085,630,1.0
06085503803,0,0,0,0,0,0,0,0,06085,631,1.0
06085503804,0,0,0,0,0,0,0,0,06085,632,1.0
06085503902,0,0,0,0,0,0,0,0,06085,633,1.0
06085503903,0,0,0,0,0,0,0,0,06085,,
06085504001,0,0,0,0,0,0,0,0,06085,634,1.0
06085504002,0,0,0,0,0,0,0,0,06085,589,1.0
06085504101,0,0,0,0,0,0,0,0,06085,635,1.0
06085504102,0,0,0,0,0,0,0,0,06085,636,1.0
06085504201,0,0,0,0,0,0,0,0,06085,629,1.0
06085504202,0,0,0,0,0,0,0,0,06085,637,1.0
06085504307,0,0,0,0,0,0,0,0,06085,627,1.0
06085504308,0,0,0,0,0,0,0,0,06085,628,1.0
06085504311,0,0,0,0,0,0,0,0,06085,601,1.0
06085504314,0,0,0,0,0,0,0,0,06085,626,1.0
06085504315,0,0,0,0,0,0,0,0,06085,623,1.0
06085504316,0,0,0,0,0,0,0,0,06085,599,1.0
06085504317,0,0,0,0,0,0,0,0,06085,600,1.0
06085504318,0,0,0,0,0,0,0,0,06085,602,0.33816618978730056
06085504318,0,0,0,0,0,0,0,0,06085,603,0.33401947577345364
06085504318,0,0,0,0,0,0,0,0,06085,604,0.32781433443924585
06085504319,0,0,0,0,0,0,0,0,06085,598,1.0
06085504320,0,0,0,0,0,0,0,0,06085,624,1.0
06085504321,0,0,0,0,0,0,0,0,06085,625,1.0
06085504322,0,0,0,0,0,0,0,0,06085,605,1.0
06085504323,0,0,0,0,0,0,0,0,06085,,
06085504410,0,0,0,0,0,0,0,0,06085,621,1.0
06085504411,0,0,0,0,0,0,0,0,06085,622,1.0
06085504412,0,0,0,0,0,0,0,0,06085,616,1.0
06085504413,0,0,0,0,0,0,0,0,06085,610,1.0
06085504414,0,0,0,0,0,0,0,0,06085,609,1.0
06085504415,0,0,0,0,0,0,0,0,06085,619,1.0
06085504416,0,0,0,0,0,0,0,0,06085,620,1.0
06085504418,0,0,0,0,0,0,0,0,06085,617,1.0
06085504421,0,0,0,0,0,0,0,0,06085,614,1.0
06085504422,0,0,0,0,0,0,0,0,06085,613,1.0
06085504423,0,0,0,0,0,0,0,0,06085,,
06085504424,0,0,0,0,0,0,0,0,06085,618,0.4811333934822145
06085504424,0,0,0,0,0,0,0,0,06085,615,0.5188666065177856
06085504505,0,0,0,0,0,0,0,0,06085,606,1.0
06085504506,0,0,0,0,0,0,0,0,06085,612,1.0
06085504507,0,0,0,0,0,0,0,0,06085,611,1.0
06085504508,0,0,0,0,0,0,0,0,06085,,
06085504509,0,0,0,0,0,0,0,0,06085,608,1.0
06085504510,0,0,0,0,0,0,0,0,06085,607,1.0
06085504601,0,0,0,0,0,0,0,0,06085,401,1.0
06085504602,0,0,0,0,0,0,0,0,06085,403,0.3320686956589752
06085504602,0,0,0,0,0,0,0,0,06085,404,0.33793786099818046
06085504602,0,0,0,0,0,0,0,0,06085,405,0.3299934433428443
06085504700,0,0,0,0,0,0,0,0,06085,402,1.0
06085504802,0,0,0,0,0,0,0,0,06085,418,0.5037643061141545
06085504802,0,0,0,0,0,0,0,0,06085,419,0.4962356938858456
06085504805,0,0,0,0,0,0,0,0,06085,421,1.0
06085504806,0,0,0,0,0,0,0,0,06085,420,1.0
06085504807,0,0,0,0,0,0,0,0,06085,422,1.0
06085504808,0,0,0,0,0,0,0,0,06085,,
06085504902,0,0,0,0,0,0,0,0,06085,413,1.0
06085504903,0,0,0,0,0,0,0,0,06085,,
06085505006,0,0,0,0,0,0,0,0,06085,406,0.1981738750687722
06085505006,0,0,0,0,0,0,0,0,06085,407,0.20478054446978033
06085505006,0,0,0,0,0,0,0,0,06085,408,0.20160802039837575
06085505006,0,0,0,0,0,0,0,0,06085,409,0.19593169955931317
06085505006,0,0,0,0,0,0,0,0,06085,410,0.19950586050375868
06085505007,0,0,0,0,0,0,0,0,06085,414,1.0
06085505010,0,0,0,0,0,0,0,0,06085,415,0.38422238598580966
06085505010,0,0,0,0,0,0,0,0,06085,416,0.24808395309582582
06085505010,0,0,0,0,0,0,0,0,06085,417,0.3676936609183645
06085505011,0,0,0,0,0,0,0,0,06085,,
06085505012,0,0,0,0,0,0,0,0,06085,,
06085505013,0,0,0,0,0,0,0,0,06085,,
06085505014,0,0,0,0,0,0,0,0,06085,,
06085505015,0,0,0,0,0,0,0,0,06085,411,0.7063387142951282
06085505015,0,0,0,0,0,0,0,0,06085,412,0.2936612857048718
06085505100,0,0,0,0,0,0,0,0,06085,434,0.49539433224286566
06085505100,0,0,0,0,0,0,0,0,06085,435,0.5046056677571343
06085505202,0,0,0,0,0,0,0,0,06085,429,0.19701219174037138
06085505202,0,0,0,0,0,0,0,0,06085,430,0.20836469363723686
06085505202,0,0,0,0,0,0,0,0,06085,431,0.197149259770144
06085505202,0,0,0,0,0,0,0,0,06085,432,0.20504568358108471
06085505202,0,0,0,0,0,0,0,0,06085,433,0.19242817127116288
06085505203,0,0,0,0,0,0,0,0,06085,543,1.0
06085505301,0,0,0,0,0,0,0,0,06085,443,1.0
06085505302,0,0,0,0,0,0,0,0,06085,438,1.0
06085505303,0,0,0,0,0,0,0,0,06085,437,1.0
06085505304,0,0,0,0,0,0,0,0,06085,442,1.0
06085505305,0,0,0,0,0,0,0,0,06085,444,1.0
06085505401,0,0,0,0,0,0,0,0,06085,441,1.0
06085505402,0,0,0,0,0,0,0,0,06085,439,1.0
06085505403,0,0,0,0,0,0,0,0,06085,440,1.0
06085505500,0,0,0,0,0,0,0,0,06085,436,1.0
06085505600,0,0,0,0,0,0,0,0,06085,545,1.0
06085505700,0,0,0,0,0,0,0,0,06085,544,1.0
06085505800,0,0,0,0,0,0,0,0,06085,466,1.0
06085505901,0,0,0,0,0,0,0,0,06085,465,1.0
06085505902,0,0,0,0,0,0,0,0,06085,,
06085506000,0,0,0,0,0,0,0,0,06085,464,1.0
06085506101,0,0,0,0,0,0,0,0,06085,461,1.0
06085506102,0,0,0,0,0,0,0,0,06085,463,1.0
06085506103,0,0,0,0,0,0,0,0,06085,462,1.0
06085506202,0,0,0,0,0,0,0,0,06085,476,1.0
06085506203,0,0,0,0,0,0,0,0,06085,478,1.0
06085506204,0,0,0,0,0,0,0,0,06085,477,1.0
06085506301,0,0,0,0,0,0,0,0,06085,471,1.0
06085506302,0,0,0,0,0,0,0,0,06085,470,1.0
06085506304,0,0,0,0,0,0,0,0,06085,472,1.0
06085506305,0,0,0,0,0,0,0,0,06085,473,1.0
06085506401,0,0,0,0,0,0,0,0,06085,467,1.0
06085506402,0,0,0,0,0,0,0,0,06085,468,1.0
06085506502,0,0,0,0,0,0,0,0,06085,504,1.0
06085506503,0,0,0,0,0,0,0,0,06085,503,1.0
06085506504,0,0,0,0,0,0,0,0,06085,,
06085506505,0,0,0,0,0,0,0,0,06085,469,1.0
06085506601,0,0,0,0,0,0,0,0,06085,475,1.0
06085506603,0,0,0,0,0,0,0,0,06085,501,1.0
06085506604,0,0,0,0,0,0,0,0,06085,499,1.0
06085506605,0,0,0,0,0,0,0,0,06085,474,1.0
06085506606,0,0,0,0,0,0,0,0,06085,502,1.0
06085506701,0,0,0,0,0,0,0,0,06085,500,1.0
06085506702,0,0,0,0,0,0,0,0,06085,505,1.0
06085506703,0,0,0,0,0,0,0,0,06085,506,1.0
06085506801,0,0,0,0,0,0,0,0,06085,518,1.0
06085506802,0,0,0,0,0,0,0,0,06085,517,1.0
06085506803,0,0,0,0,0,0,0,0,06085,515,1.0
06085506804,0,0,0,0,0,0,0,0,06085,516,1.0
06085506900,0,0,0,0,0,0,0,0,06085,514,1.0
06085507002,0,0,0,0,0,0,0,0,06085,513,1.0
06085507003,0,0,0,0,0,0,0,0,06085,511,1.0
06085507004,0,0,0,0,0,0,0,0,06085,,
06085507100,0,0,0,0,0,0,0,0,06085,509,1.0
06085507203,0,0,0,0,0,0,0,0,06085,508,1.0
06085507205,0,0,0,0,0,0,0,0,06085,507,1.0
06085507206,0,0,0,0,0,0,0,0,06085,510,1.0
06085507301,0,0,0,0,0,0,0,0,06085,497,1.0
06085507302,0,0,0,0,0,0,0,0,06085,496,1.0
06085507401,0,0,0,0,0,0,0,0,06085,493,1.0
06085507402,0,0,0,0,0,0,0,0,06085,498,1.0
06085507500,0,0,0,0,0,0,0,0,06085,494,1.0
06085507600,0,0,0,0,0,0,0,0,06085,495,1.0
06085507701,0,0,0,0,0,0,0,0,06085,490,1.0
06085507702,0,0,0,0,0,0,0,0,06085,489,1.0
06085507704,0,0,0,0,0,0,0,0,06085,,
06085507705,0,0,0,0,0,0,0,0,06085,488,1.0
06085507805,0,0,0,0,0,0,0,0,06085,487,1.0
06085507806,0,0,0,0,0,0,0,0,06085,486,1.0
06085507807,0,0,0,0,0,0,0,0,06085,491,1.0
06085507808,0,0,0,0,0,0,0,0,06085,492,1.0
06085507903,0,0,0,0,0,0,0,0,06085,481,1.0
06085507904,0,0,0,0,0,0,0,0,06085,480,1.0
06085507905,0,0,0,0,0,0,0,0,06085,483,1.0
06085507906,0,0,0,0,0,0,0,0,06085,482,1.0
06085508003,0,0,0,0,0,0,0,0,06085,,
06085508004,0,0,0,0,0,0,0,0,06085,479,1.0
06085508005,0,0,0,0,0,0,0,0,06085,,
06085508006,0,0,0,0,0,0,0,0,06085,484,1.0
06085508101,0,0,0,0,0,0,0,0,06085,485,1.0
06085508102,0,0,0,0,0,0,0,0,06085,460,1.0
06085508203,0,0,0,0,0,0,0,0,06085,457,1.0
06085508204,0,0,0,0,0,0,0,0,06085,458,1.0
06085508205,0,0,0,0,0,0,0,0,06085,,
06085508206,0,0,0,0,0,0,0,0,06085,459,1.0
06085508301,0,0,0,0,0,0,0,0,06085,454,1.0
06085508303,0,0,0,0,0,0,0,0,06085,455,1.0
06085508305,0,0,0,0,0,0,0,0,06085,,
06085508306,0,0,0,0,0,0,0,0,06085,456,1.0
06085508401,0,0,0,0,0,0,0,0,06085,453,1.0
06085508403,0,0,0,0,0,0,0,0,06085,452,1.0
06085508404,0,0,0,0,0,0,0,0,06085,451,1.0
06085508503,0,0,0,0,0,0,0,0,06085,449,1.0
06085508505,0,0,0,0,0,0,0,0,06085,447,1.0
06085508507,0,0,0,0,0,0,0,0,06085,,
06085508508,0,0,0,0,0,0,0,0,06085,445,1.0
06085508509,0,0,0,0,0,0,0,0,06085,,
06085508510,0,0,0,0,0,0,0,0,06085,448,1.0
06085508601,0,0,0,0,0,0,0,0,06085,394,1.0
06085508602,0,0,0,0,0,0,0,0,06085,450,1.0
06085508705,0,0,0,0,0,0,0,0,06085,,
06085508706,0,0,0,0,0,0,0,0,06085,446,1.0
06085508707,0,0,0,0,0,0,0,0,06085,426,1.0
06085508708,0,0,0,0,0,0,0,0,06085,427,0.49884257532456044
06085508708,0,0,0,0,0,0,0,0,06085,428,0.5011574246754396
06085508800,0,0,0,0,0,0,0,0,06085,425,1.0
06085508900,0,0,0,0,0,0,0,0,06085,423,1.0
06085509001,0,0,0,0,0,0,0,0,06085,424,1.0
06085509002,0,0,0,0,0,0,0,0,06085,,
06085509102,0,0,0,0,0,0,0,0,06085,395,0.4998495793872328
06085509102,0,0,0,0,0,0,0,0,06085,396,0.5001504206127673
06085509106,0,0,0,0,0,0,0,0,06085,393,1.0
06085509107,0,0,0,0,0,0,0,0,06085,392,1.0
06085509108,0,0,0,0,0,0,0,0,06085,399,0.4917330214340013
06085509108,0,0,0,0,0,0,0,0,06085,400,0.5082669785659988
06085509109,0,0,0,0,0,0,0,0,06085,397,0.500080382384492
06085509109,0,0,0,0,0,0,0,0,06085,398,0.49991961761550796
06085509110,0,0,0,0,0,0,0,0,06085,,
06085509111,0,0,0,0,0,0,0,0,06085,391,1.0
06085509201,0,0,0,0,0,0,0,0,06085,377,1.0
06085509202,0,0,0,0,0,0,0,0,06085,376,1.0
06085509302,0,0,0,0,0,0,0,0,06085,373,1.0
06085509303,0,0,0,0,0,0,0,0,06085,375,1.0
06085509304,0,0,0,0,0,0,0,0,06085,374,1.0
06085509401,0,0,0,0,0,0,0,0,06085,365,1.0
06085509403,0,0,0,0,0,0,0,0,06085,380,1.0
06085509404,0,0,0,0,0,0,0,0,06085,372,1.0
06085509500,0,0,0,0,0,0,0,0,06085,379,1.0
06085509600,0,0,0,0,0,0,0,0,06085,378,1.0
06085509700,0,0,0,0,0,0,0,0,06085,390,1.0
06085509801,0,0,0,0,0,0,0,0,06085,381,1.0
06085509802,0,0,0,0,0,0,0,0,06085,382,1.0
06085509901,0,0,0,0,0,0,0,0,06085,383,1.0
06085509902,0,0,0,0,0,0,0,0,06085,389,1.0
06085510001,0,0,0,0,0,0,0,0,06085,388,1.0
06085510002,0,0,0,0,0,0,0,0,06085,387,1.0
06085510100,0,0,0,0,0,0,0,0,06085,386,1.0
06085510200,0,0,0,0,0,0,0,0,06085,384,1.0
06085510300,0,0,0,0,0,0,0,0,06085,370,1.0
06085510400,0,0,0,0,0,0,0,0,06085,371,1.0
06085510500,0,0,0,0,0,0,0,0,06085,369,1.0
06085510600,0,0,0,0,0,0,0,0,06085,367,1.0
06085510700,0,0,0,0,0,0,0,0,06085,366,1.0
06085510801,0,0,0,0,0,0,0,0,06085,362,1.0
06085510802,0,0,0,0,0,0,0,0,06085,364,1.0
06085510803,0,0,0,0,0,0,0,0,06085,363,1.0
06085510900,0,0,0,0,0,0,0,0,06085,360,1.0
06085511000,0,0,0,0,0,0,0,0,06085,361,1.0
06085511100,0,0,0,0,0,0,0,0,06085,358,1.0
06085511200,0,0,0,0,0,0,0,0,06085,357,1.0
06085511301,0,0,0,0,0,0,0,0,06085,,
06085511302,0,0,0,0,0,0,0,0,06085,356,1.0
06085511400,0,0,0,0,0,0,0,0,06085,359,1.0
06085511501,0,0,0,0,0,0,0,0,06085,351,1.0
06085511502,0,0,0,0,0,0,0,0,06085,350,1.0
06085511608,0,0,0,0,0,0,0,0,06085,355,1.0
06085511609,0,0,0,0,0,0,0,0,06085,,
06085511701,0,0,0,0,0,0,0,0,06085,368,1.0
06085511702,0,0,0,0,0,0,0,0,06085,385,1.0
06085511704,0,0,0,0,0,0,0,0,06085,,
06085511705,0,0,0,0,0,0,0,0,06085,348,0.4953688138937363
06085511705,0,0,0,0,0,0,0,0,06085,349,0.5046311861062636
06085511707,0,0,0,0,0,0,0,0,06085,347,1.0
06085511800,0,0,0,0,0,0,0,0,06085,512,1.0
06085511905,0,0,0,0,0,0,0,0,06085,692,1.0
06085511907,0,0,0,0,0,0,0,0,06085,693,1.0
06085511910,0,0,0,0,0,0,0,0,06085,691,1.0
06085511911,0,0,0,0,0,0,0,0,06085,696,1.0
06085511912,0,0,0,0,0,0,0,0,06085,694,1.0
06085511913,0,0,0,0,0,0,0,0,06085,689,1.0
06085511914,0,0,0,0,0,0,0,0,06085,690,1.0
06085511915,0,0,0,0,0,0,0,0,06085,,
06085511916,0,0,0,0,0,0,0,0,06085,688,1.0
06085511917,0,0,0,0,0,0,0,0,06085,,
06085511918,0,0,0,0,0,0,0,0,06085,695,1.0
06085512001,0,0,0,0,0,0,0,0,06085,656,1.0
06085512005,0,0,0,0,0,0,0,0,06085,680,1.0
06085512019,0,0,0,0,0,0,0,0,06085,672,1.0
06085512021,0,0,0,0,0,0,0,0,06085,668,1.0
06085512022,0,0,0,0,0,0,0,0,06085,666,1.0
06085512023,0,0,0,0,0,0,0,0,06085,667,1.0
06085512024,0,0,0,0,0,0,0,0,06085,679,1.0
06085512025,0,0,0,0,0,0,0,0,06085,678,1.0
06085512026,0,0,0,0,0,0,0,0,06085,673,1.0
06085512027,0,0,0,0,0,0,0,0,06085,677,1.0
06085512029,0,0,0,0,0,0,0,0,06085,665,1.0
06085512030,0,0,0,0,0,0,0,0,06085,663,1.0
06085512031,0,0,0,0,0,0,0,0,06085,662,1.0
06085512032,0,0,0,0,0,0,0,0,06085,660,1.0
06085512034,0,0,0,0,0,0,0,0,06085,659,1.0
06085512035,0,0,0,0,0,0,0,0,06085,658,1.0
06085512036,0,0,0,0,0,0,0,0,06085,,
06085512037,0,0,0,0,0,0,0,0,06085,664,1.0
06085512038,0,0,0,0,0,0,0,0,06085,657,1.0
06085512039,0,0,0,0,0,0,0,0,06085,,
06085512042,0,0,0,0,0,0,0,0,06085,,
06085512043,0,0,0,0,0,0,0,0,06085,669,1.0
06085512045,0,0,0,0,0,0,0,0,06085,674,1.0
06085512047,0,0,0,0,0,0,0,0,06085,675,1.0
06085512052,0,0,0,0,0,0,0,0,06085,676,1.0
06085512053,0,0,0,0,0,0,0,0,06085,,
06085512054,0,0,0,0,0,0,0,0,06085,,
06085512055,0,0,0,0,0,0,0,0,06085,671,1.0
06085512056,0,0,0,0,0,0,0,0,06085,,
06085512057,0,0,0,0,0,0,0,0,06085,670,1.0
06085512058,0,0,0,0,0,0,0,0,06085,,
06085512059,0,0,0,0,0,0,0,0,06085,661,1.0
06085512100,0,0,0,0,0,0,0,0,06085,697,1.0
06085512200,0,0,0,0,0,0,0,0,06085,704,1.0
06085512305,0,0,0,0,0,0,0,0,06085,703,1.0
06085512307,0,0,0,0,0,0,0,0,06085,701,1.0
06085512308,0,0,0,0,0,0,0,0,06085,698,1.0
06085512309,0,0,0,0,0,0,0,0,06085,699,1.0
06085512310,0,0,0,0,0,0,0,0,06085,,
06085512311,0,0,0,0,0,0,0,0,06085,700,1.0
06085512312,0,0,0,0,0,0,0,0,06085,,
06085512313,0,0,0,0,0,0,0,0,06085,,
06085512314,0,0,0,0,0,0,0,0,06085,702,1.0
06085512401,0,0,0,0,0,0,0,0,06085,712,1.0
06085512402,0,0,0,0,0,0,0,0,06085,713,1.0
06085512505,0,0,0,0,0,0,0,0,06085,710,1.0
06085512509,0,0,0,0,0,0,0,0,06085,,
06085512510,0,0,0,0,0,0,0,0,06085,705,1.0
06085512511,0,0,0,0,0,0,0,0,06085,708,1.0
06085512512,0,0,0,0,0,0,0,0,06085,,
06085512513,0,0,0,0,0,0,0,0,06085,709,1.0
06085512514,0,0,0,0,0,0,0,0,06085,,
06085512515,0,0,0,0,0,0,0,0,06085,711,1.0
06085512516,0,0,0,0,0,0,0,0,06085,,
06085512602,0,0,0,0,0,0,0,0,06085,706,1.0
06085512603,0,0,0,0,0,0,0,0,06085,,
06085512604,0,0,0,0,0,0,0,0,06085,707,1.0
06085513000,0,0,0,0,0,0,0,0,06085,354,0.3290645977170378
06085513000,0,0,0,0,0,0,0,0,06085,353,0.339808073325794
06085513000,0,0,0,0,0,0,0,0,06085,352,0.33112732895716834
06085513500,0,0,0,0,0,0,0,0,06085,714,1.0
06095250103,0,0,0,0,0,0,0,0,06095,1230,1.0
06095250104,0,0,0,0,0,0,0,0,06095,,
06095250105,0,0,0,0,0,0,0,0,06095,,
06095250106,0,0,0,0,0,0,0,0,06095,1246,1.0
06095250200,0,0,0,0,0,0,0,0,06095,1229,1.0
06095250300,0,0,0,0,0,0,0,0,06095,1231,1.0
06095250400,0,0,0,0,0,0,0,0,06095,1227,1.0
06095250501,0,0,0,0,0,0,0,0,06095,1228,1.0
06095250502,0,0,0,0,0,0,0,0,06095,1219,1.0
06095250601,0,0,0,0,0,0,0,0,06095,1221,1.0
06095250604,0,0,0,0,0,0,0,0,06095,,
06095250605,0,0,0,0,0,0,0,0,06095,1220,1.0
06095250701,0,0,0,0,0,0,0,0,06095,1223,1.0
06095250801,0,0,0,0,0,0,0,0,06095,1222,0.49877058932774293
06095250801,0,0,0,0,0,0,0,0,06095,1238,0.501229410672257
06095250900,0,0,0,0,0,0,0,0,06095,1224,1.0
06095251000,0,0,0,0,0,0,0,0,06095,1225,1.0
06095251100,0,0,0,0,0,0,0,0,06095,1226,1.0
06095251200,0,0,0,0,0,0,0,0,06095,1232,1.0
06095251300,0,0,0,0,0,0,0,0,06095,1233,1.0
06095251400,0,0,0,0,0,0,0,0,06095,1242,1.0
06095251500,0,0,0,0,0,0,0,0,06095,1234,1.0
06095251600,0,0,0,0,0,0,0,0,06095,1235,1.0
06095251701,0,0,0,0,0,0,0,0,06095,1236,1.0
06095251702,0,0,0,0,0,0,0,0,06095,1237,1.0
06095251802,0,0,0,0,0,0,0,0,06095,1241,1.0
06095251803,0,0,0,0,0,0,0,0,06095,1240,1.0
06095251804,0,0,0,0,0,0,0,0,06095,1239,1.0
06095251901,0,0,0,0,0,0,0,0,06095,1243,1.0
06095251902,0,0,0,0,0,0,0,0,06095,1244,1.0
06095251903,0,0,0,0,0,0,0,0,06095,1245,1.0
06095252000,0,0,0,0,0,0,0,0,06095,1212,1.0
06095252102,0,0,0,0,0,0,0,0,06095,1211,1.0
06095252103,0,0,0,0,0,0,0,0,06095,1218,1.0
06095252104,0,0,0,0,0,0,0,0,06095,1217,1.0
06095252105,0,0,0,0,0,0,0,0,06095,1216,1.0
06095252106,0,0,0,0,0,0,0,0,06095,1215,1.0
06095252107,0,0,0,0,0,0,0,0,06095,1214,1.0
06095252108,0,0,0,0,0,0,0,0,06095,1213,1.0
06095252203,0,0,0,0,0,0,0,0,06095,,
06095252204,0,0,0,0,0,0,0,0,06095,1248,1.0
06095252205,0,0,0,0,0,0,0,0,06095,1247,1.0
06095252206,0,0,0,0,0,0,0,0,06095,,
06095252305,0,0,0,0,0,0,0,0,06095,1249,1.0
06095252306,0,0,0,0,0,0,0,0,06095,1267,1.0
06095252310,0,0,0,0,0,0,0,0,06095,1268,1.0
06095252311,0,0,0,0,0,0,0,0,06095,,
06095252312,0,0,0,0,0,0,0,0,06095,,
06095252313,0,0,0,0,0,0,0,0,06095,1269,1.0
06095252314,0,0,0,0,0,0,0,0,06095,,
06095252315,0,0,0,0,0,0,0,0,06095,,
06095252316,0,0,0,0,0,0,0,0,06095,,
06095252317,0,0,0,0,0,0,0,0,06095,1270,1.0
06095252401,0,0,0,0,0,0,0,0,06095,1266,1.0
06095252402,0,0,0,0,0,0,0,0,06095,1250,1.0
06095252501,0,0,0,0,0,0,0,0,06095,1263,1.0
06095252502,0,0,0,0,0,0,0,0,06095,1262,1.0
06095252604,0,0,0,0,0,0,0,0,06095,1265,1.0
06095252605,0,0,0,0,0,0,0,0,06095,1264,1.0
06095252606,0,0,0,0,0,0,0,0,06095,1259,1.0
06095252607,0,0,0,0,0,0,0,0,06095,1260,1.0
06095252608,0,0,0,0,0,0,0,0,06095,1258,1.0
06095252610,0,0,0,0,0,0,0,0,06095,1257,1.0
06095252611,0,0,0,0,0,0,0,0,06095,,
06095252702,0,0,0,0,0,0,0,0,06095,1251,1.0
06095252703,0,0,0,0,0,0,0,0,06095,1261,1.0
06095252704,0,0,0,0,0,0,0,0,06095,1255,1.0
06095252705,0,0,0,0,0,0,0,0,06095,1254,1.0
06095252706,0,0,0,0,0,0,0,0,06095,1253,1.0
06095252707,0,0,0,0,0,0,0,0,06095,1256,1.0
06095252801,0,0,0,0,0,0,0,0,06095,,
06095252802,0,0,0,0,0,0,0,0,06095,,
06095252903,0,0,0,0,0,0,0,0,06095,1286,1.0
06095252904,0,0,0,0,0,0,0,0,06095,1279,1.0
06095252908,0,0,0,0,0,0,0,0,06095,1276,1.0
06095252909,0,0,0,0,0,0,0,0,06095,1278,1.0
06095252910,0,0,0,0,0,0,0,0,06095,1277,1.0
06095252911,0,0,0,0,0,0,0,0,06095,1280,1.0
06095252912,0,0,0,0,0,0,0,0,06095,,
06095252913,0,0,0,0,0,0,0,0,06095,,
06095252914,0,0,0,0,0,0,0,0,06095,,
06095252915,0,0,0,0,0,0,0,0,06095,1271,1.0
06095253000,0,0,0,0,0,0,0,0,06095,1272,1.0
06095253101,0,0,0,0,0,0,0,0,06095,1284,1.0
06095253105,0,0,0,0,0,0,0,0,06095,1281,1.0
06095253106,0,0,0,0,0,0,0,0,06095,1275,1.0
06095253107,0,0,0,0,0,0,0,0,06095,1274,1.0
06095253108,0,0,0,0,0,0,0,0,06095,1273,1.0
06095253201,0,0,0,0,0,0,0,0,06095,1285,1.0
06095253203,0,0,0,0,0,0,0,0,06095,1283,1.0
06095253205,0,0,0,0,0,0,0,0,06095,,
06095253206,0,0,0,0,0,0,0,0,06095,,
06095253207,0,0,0,0,0,0,0,0,06095,1282,1.0
06095253208,0,0,0,0,0,0,0,0,06095,,
06095253300,0,0,0,0,0,0,0,0,06095,1287,1.0
06095253402,0,0,0,0,0,0,0,0,06095,1289,1.0
06095253403,0,0,0,0,0,0,0,0,06095,1288,1.0
06095253404,0,0,0,0,0,0,0,0,06095,,
06095253501,0,0,0,0,0,0,0,0,06095,1290,1.0
06095253502,0,0,0,0,0,0,0,0,06095,,
06095980000,0,0,0,0,0,0,0,0,06095,1252,1.0
06097150100,0,0,0,0,0,0,0,0,06097,1324,1.0
06097150203,0,0,0,0,0,0,0,0,06097,1323,1.0
06097150204,0,0,0,0,0,0,0,0,06097,,
06097150205,0,0,0,0,0,0,0,0,06097,,
06097150206,0,0,0,0,0,0,0,0,06097,1320,1.0
06097150303,0,0,0,0,0,0,0,0,06097,1322,1.0
06097150304,0,0,0,0,0,0,0,0,06097,1321,1.0
06097150305,0,0,0,0,0,0,0,0,06097,,
06097150306,0,0,0,0,0,0,0,0,06097,1319,1.0
06097150501,0,0,0,0,0,0,0,0,06097,,
06097150502,0,0,0,0,0,0,0,0,06097,1318,1.0
06097150601,0,0,0,0,0,0,0,0,06097,1333,1.0
06097150602,0,0,0,0,0,0,0,0,06097,1334,1.0
06097150603,0,0,0,0,0,0,0,0,06097,1335,1.0
06097150607,0,0,0,0,0,0,0,0,06097,1336,1.0
06097150609,0,0,0,0,0,0,0,0,06097,,
06097150610,0,0,0,0,0,0,0,0,06097,,
06097150611,0,0,0,0,0,0,0,0,06097,,
06097150612,0,0,0,0,0,0,0,0,06097,1325,1.0
06097150701,0,0,0,0,0,0,0,0,06097,1332,1.0
06097150702,0,0,0,0,0,0,0,0,06097,1326,1.0
06097150800,0,0,0,0,0,0,0,0,06097,1327,1.0
06097150901,0,0,0,0,0,0,0,0,06097,1331,1.0
06097150902,0,0,0,0,0,0,0,0,06097,1330,1.0
06097151000,0,0,0,0,0,0,0,0,06097,1329,1.0
06097151100,0,0,0,0,0,0,0,0,06097,1328,1.0
06097151203,0,0,0,0,0,0,0,0,06097,1339,1.0
06097151204,0,0,0,0,0,0,0,0,06097,1338,1.0
06097151205,0,0,0,0,0,0,0,0,06097,,
06097151206,0,0,0,0,0,0,0,0,06097,1337,1.0
06097151301,0,0,0,0,0,0,0,0,06097,1343,1.0
06097151305,0,0,0,0,0,0,0,0,06097,1344,1.0
06097151306,0,0,0,0,0,0,0,0,06097,1345,1.0
06097151307,0,0,0,0,0,0,0,0,06097,1347,1.0
06097151308,0,0,0,0,0,0,0,0,06097,1346,1.0
06097151309,0,0,0,0,0,0,0,0,06097,1341,1.0
06097151310,0,0,0,0,0,0,0,0,06097,1342,1.0
06097151311,0,0,0,0,0,0,0,0,06097,1340,1.0
06097151403,0,0,0,0,0,0,0,0,06097,1349,1.0
06097151404,0,0,0,0,0,0,0,0,06097,,
06097151405,0,0,0,0,0,0,0,0,06097,1348,1.0
06097151406,0,0,0,0,0,0,0,0,06097,,
06097151503,0,0,0,0,0,0,0,0,06097,1352,1.0
06097151504,0,0,0,0,0,0,0,0,06097,1351,1.0
06097151505,0,0,0,0,0,0,0,0,06097,1350,1.0
06097151506,0,0,0,0,0,0,0,0,06097,,
06097151601,0,0,0,0,0,0,0,0,06097,1353,1.0
06097151602,0,0,0,0,0,0,0,0,06097,,
06097151701,0,0,0,0,0,0,0,0,06097,,
06097151702,0,0,0,0,0,0,0,0,06097,1358,1.0
06097151800,0,0,0,0,0,0,0,0,06097,1359,1.0
06097151900,0,0,0,0,0,0,0,0,06097,1360,1.0
06097152000,0,0,0,0,0,0,0,0,06097,1361,1.0
06097152100,0,0,0,0,0,0,0,0,06097,1363,1.0
06097152201,0,0,0,0,0,0,0,0,06097,1364,1.0
06097152203,0,0,0,0,0,0,0,0,06097,1362,1.0
06097152204,0,0,0,0,0,0,0,0,06097,1356,1.0
06097152205,0,0,0,0,0,0,0,0,06097,,
06097152300,0,0,0,0,0,0,0,0,06097,1365,1.0
06097152401,0,0,0,0,0,0,0,0,06097,,
06097152402,0,0,0,0,0,0,0,0,06097,1366,1.0
06097152501,0,0,0,0,0,0,0,0,06097,1357,1.0
06097152502,0,0,0,0,0,0,0,0,06097,1355,1.0
06097152601,0,0,0,0,0,0,0,0,06097,,
06097152602,0,0,0,0,0,0,0,0,06097,1354,1.0
06097152701,0,0,0,0,0,0,0,0,06097,1367,1.0
06097152702,0,0,0,0,0,0,0,0,06097,1368,1.0
06097152801,0,0,0,0,0,0,0,0,06097,1369,1.0
06097152803,0,0,0,0,0,0,0,0,06097,1373,1.0
06097152804,0,0,0,0,0,0,0,0,06097,,
06097152903,0,0,0,0,0,0,0,0,06097,1372,1.0
06097152904,0,0,0,0,0,0,0,0,06097,1371,1.0
06097152905,0,0,0,0,0,0,0,0,06097,,
06097152906,0,0,0,0,0,0,0,0,06097,1370,1.0
06097153001,0,0,0,0,0,0,0,0,06097,1374,1.0
06097153002,0,0,0,0,0,0,0,0,06097,1376,1.0
06097153003,0,0,0,0,0,0,0,0,06097,1377,1.0
06097153005,0,0,0,0,0,0,0,0,06097,1382,1.0
06097153006,0,0,0,0,0,0,0,0,06097,1375,1.0
06097153102,0,0,0,0,0,0,0,0,06097,1379,1.0
06097153103,0,0,0,0,0,0,0,0,06097,,
06097153104,0,0,0,0,0,0,0,0,06097,1378,1.0
06097153201,0,0,0,0,0,0,0,0,06097,,
06097153202,0,0,0,0,0,0,0,0,06097,1380,1.0
06097153301,0,0,0,0,0,0,0,0,06097,1381,1.0
06097153302,0,0,0,0,0,0,0,0,06097,,
06097153403,0,0,0,0,0,0,0,0,06097,1386,1.0
06097153404,0,0,0,0,0,0,0,0,06097,1385,1.0
06097153405,0,0,0,0,0,0,0,0,06097,1384,1.0
06097153406,0,0,0,0,0,0,0,0,06097,,
06097153501,0,0,0,0,0,0,0,0,06097,1387,1.0
06097153502,0,0,0,0,0,0,0,0,06097,1388,1.0
06097153601,0,0,0,0,0,0,0,0,06097,,
06097153602,0,0,0,0,0,0,0,0,06097,1383,1.0
06097153705,0,0,0,0,0,0,0,0,06097,1393,1.0
06097153707,0,0,0,0,0,0,0,0,06097,,
06097153708,0,0,0,0,0,0,0,0,06097,1390,1.0
06097153709,0,0,0,0,0,0,0,0,06097,1391,1.0
06097153710,0,0,0,0,0,0,0,0,06097,,
06097153711,0,0,0,0,0,0,0,0,06097,1392,1.0
06097153712,0,0,0,0,0,0,0,0,06097,,
06097153804,0,0,0,0,0,0,0,0,06097,,
06097153806,0,0,0,0,0,0,0,0,06097,,
06097153807,0,0,0,0,0,0,0,0,06097,1396,1.0
06097153808,0,0,0,0,0,0,0,0,06097,,
06097153809,0,0,0,0,0,0,0,0,06097,1395,1.0
06097153810,0,0,0,0,0,0,0,0,06097,1394,1.0
06097153811,0,0,0,0,0,0,0,0,06097,,
06097153902,0,0,0,0,0,0,0,0,06097,1399,1.0
06097153903,0,0,0,0,0,0,0,0,06097,1398,1.0
06097153904,0,0,0,0,0,0,0,0,06097,,
06097153905,0,0,0,0,0,0,0,0,06097,1397,1.0
06097154000,0,0,0,0,0,0,0,0,06097,1400,1.0
06097154100,0,0,0,0,0,0,0,0,06097,1401,1.0
06097154201,0,0,0,0,0,0,0,0,06097,,
06097154202,0,0,0,0,0,0,0,0,06097,1402,1.0
06097154304,0,0,0,0,0,0,0,0,06097,1403,1.0
06097154305,0,0,0,0,0,0,0,0,06097,1389,1.0
06097154306,0,0,0,0,0,0,0,0,06097,,
06097154307,0,0,0,0,0,0,0,0,06097,,
06097154308,0,0,0,0,0,0,0,0,06097,,
06097990100,0,0,0,0,0,0,0,0,06097,,
